Org Name,Endpoint,Audience,Route
 Baldwin Family Medicine ,https://fhir.fhirpoint.open.allscripts.com/fhirroute/fhir/10044205,Provider,Direct
A Kagan Orthopedics  Sports Medicine,https://fhir.fhirpoint.open.allscripts.com/fhirroute/fhir/1421,Provider,Direct
A Squared Primary Care PLLC,https://fhir.fhirpoint.open.allscripts.com/fhirroute/fhir/10171749,Provider,Direct
ABC Pediatrics,https://fhir.fhirpoint.open.allscripts.com/fhirroute/fhir/10031312,Provider,Direct
Abdul S Thannoun Md,https://fhir.fhirpoint.open.allscripts.com/fhirroute/fhir/75114,Provider,Direct
About Women Ob/Gyn P C,https://fhir.fhirpoint.open.allscripts.com/fhirroute/fhir/10039435,Provider,Direct
Abraham Medical Clinic,https://fhir.fhirpoint.open.allscripts.com/fhirroute/fhir/10027358,Provider,Direct
Abw Pediatric Assoc,https://fhir.fhirpoint.open.allscripts.com/fhirroute/fhir/76856,Provider,Direct
Academic Urology and Urogynecology of Arizona,https://fhir.fhirpoint.open.allscripts.com/fhirroute/fhir/10049336,Provider,Direct
Accent Family Healthcare,https://fhir.fhirpoint.open.allscripts.com/fhirroute/fhir/1700131A,Provider,Direct
Ace Cardiovascular Associates LLC,https://fhir.fhirpoint.open.allscripts.com/fhirroute/fhir/1700027C,Provider,Direct
ACE East Test DB,https://fhir.fhirpoint.open.allscripts.com/fhirroute/fhir/ACEETest,Provider,Direct
Adam N Bender MD,https://fhir.fhirpoint.open.allscripts.com/fhirroute/fhir/10981429,Provider,Direct
Adams  Stephens PA,https://fhir.fhirpoint.open.allscripts.com/fhirroute/fhir/73916G,Provider,Direct
Adnan Kaleli Md PC,https://fhir.fhirpoint.open.allscripts.com/fhirroute/fhir/61980,Provider,Direct
Adobe Medical Group Inc,https://fhir.fhirpoint.open.allscripts.com/fhirroute/fhir/73406,Provider,Direct
Adolfo C FernandezObregon Md,https://fhir.fhirpoint.open.allscripts.com/fhirroute/fhir/76777,Provider,Direct
Advanced Allergy Assoc of NM,https://fhir.fhirpoint.open.allscripts.com/fhirroute/fhir/10085611,Provider,Direct
Advanced Cardiovascular Center,https://fhir.fhirpoint.open.allscripts.com/fhirroute/fhir/10032404,Provider,Direct
Advanced Dermatology P.C.,https://fhir.fhirpoint.open.allscripts.com/fhirroute/fhir/77639,Provider,Direct
Advanced Health and Wellness,https://fhir.fhirpoint.open.allscripts.com/fhirroute/fhir/11468841,Provider,Direct
Advanced Health and Wellness,https://fhir.fhirpoint.open.allscripts.com/fhirroute/fhir/11468841,Provider,Direct
Advanced Neurology,https://fhir.fhirpoint.open.allscripts.com/fhirroute/fhir/73073,Provider,Direct
Advanced Pain and Spine,https://fhir.fhirpoint.open.allscripts.com/fhirroute/fhir/10090410,Provider,Direct
Advanced Pain Care Medical Pc,https://fhir.fhirpoint.open.allscripts.com/fhirroute/fhir/73674,Provider,Direct
Advanced Pain Management Center  Inc,https://fhir.fhirpoint.open.allscripts.com/fhirroute/fhir/10044412,Provider,Direct
ADVANCED REHABILITATION MEDICINE LLC,https://fhir.fhirpoint.open.allscripts.com/fhirroute/fhir/10552842,Provider,Direct
Advanced Surgeons Pc,https://fhir.fhirpoint.open.allscripts.com/fhirroute/fhir/10838843,Provider,Direct
Advanced Urologic Surgeons,https://fhir.fhirpoint.open.allscripts.com/fhirroute/fhir/73531,Provider,Direct
Advanced Urology Assoc,https://fhir.fhirpoint.open.allscripts.com/fhirroute/fhir/10052082,Provider,Direct
Advanced Urology Inc,https://fhir.fhirpoint.open.allscripts.com/fhirroute/fhir/57952,Provider,Direct
Advanced Urology Institute LLC,https://fhir.fhirpoint.open.allscripts.com/fhirroute/fhir/11288849,Provider,Direct
Agha Arthritis Assoc Pa,https://fhir.fhirpoint.open.allscripts.com/fhirroute/fhir/58406,Provider,Direct
Ahoskie Medical Practice,https://fhir.fhirpoint.open.allscripts.com/fhirroute/fhir/10827849,Provider,Direct
AIENT Management Company  LLC,https://fhir.fhirpoint.open.allscripts.com/fhirroute/fhir/10031501,Provider,Direct
Aiken Physicians Alliance Internal Medicine,https://fhir.fhirpoint.open.allscripts.com/fhirroute/fhir/10051236,Provider,Direct
Airport Family Physicians,https://fhir.fhirpoint.open.allscripts.com/fhirroute/fhir/7339,Provider,Direct
Alabama Medical Group  P.C.,https://fhir.fhirpoint.open.allscripts.com/fhirroute/fhir/10021904,Provider,Direct
Alabama Neurology & Sleep Medicine,https://fhir.fhirpoint.open.allscripts.com/fhirroute/fhir/57850,Provider,Direct
Alabama Orthopedic Institute  Inc,https://fhir.fhirpoint.open.allscripts.com/fhirroute/fhir/74520,Provider,Direct
Alamo Foot Center,https://fhir.fhirpoint.open.allscripts.com/fhirroute/fhir/73757,Provider,Direct
Alamo Neurosurgical Institute Pa,https://fhir.fhirpoint.open.allscripts.com/fhirroute/fhir/57331,Provider,Direct
Alan J. Appley,https://fhir.fhirpoint.open.allscripts.com/fhirroute/fhir/10008925,Provider,Direct
Albany Urology Clinic and Surgery Center,https://fhir.fhirpoint.open.allscripts.com/fhirroute/fhir/11228842,Provider,Direct
Albert Tydings MD,https://fhir.fhirpoint.open.allscripts.com/fhirroute/fhir/10030976,Provider,Direct
Aldo A Parodi Md Pa,https://fhir.fhirpoint.open.allscripts.com/fhirroute/fhir/76821,Provider,Direct
Alexander Chun Md,https://fhir.fhirpoint.open.allscripts.com/fhirroute/fhir/77206,Provider,Direct
Alexandria Primary Care,https://fhir.fhirpoint.open.allscripts.com/fhirroute/fhir/10023171,Provider,Direct
Alfred J Rodriguez Md,https://fhir.fhirpoint.open.allscripts.com/fhirroute/fhir/10067482,Provider,Direct
Ali H Mahmood MD  PLC,https://fhir.fhirpoint.open.allscripts.com/fhirroute/fhir/10064321,Provider,Direct
All About Womens Care,https://fhir.fhirpoint.open.allscripts.com/fhirroute/fhir/74565,Provider,Direct
Allameh Medical Corp.Physician,https://fhir.fhirpoint.open.allscripts.com/fhirroute/fhir/10051582,Provider,Direct
AllCare Medical Group - Douglas,https://fhir.fhirpoint.open.allscripts.com/fhirroute/fhir/10359851,Provider,Direct
AllCare Medical Group - Greater Glendale,https://fhir.fhirpoint.open.allscripts.com/fhirroute/fhir/10359848,Provider,Direct
AllCare Medical Group - Rogue,https://fhir.fhirpoint.open.allscripts.com/fhirroute/fhir/10359849,Provider,Direct
AllCare Medical Group  LLC,https://fhir.fhirpoint.open.allscripts.com/fhirroute/fhir/10359845,Provider,Direct
Allcare TEST,https://fhir.fhirpoint.open.allscripts.com/fhirroute/fhir/10359843T,Provider,Direct
Allen Orthopedics Pa,https://fhir.fhirpoint.open.allscripts.com/fhirroute/fhir/0006195,Provider,Direct
Allen Rosenbuam Md,https://fhir.fhirpoint.open.allscripts.com/fhirroute/fhir/77532,Provider,Direct
Allergy & Asthma Specialists Of North Florida  P.A.,https://fhir.fhirpoint.open.allscripts.com/fhirroute/fhir/10034273,Provider,Direct
Allergy and Asthma Center Of The Rockies,https://fhir.fhirpoint.open.allscripts.com/fhirroute/fhir/70893,Provider,Direct
Allergy Assoc Of NH,https://fhir.fhirpoint.open.allscripts.com/fhirroute/fhir/10030374,Provider,Direct
Allergy Asthma and Immunology Ctr Of Ak,https://fhir.fhirpoint.open.allscripts.com/fhirroute/fhir/69103,Provider,Direct
Allergy Asthma Care,https://fhir.fhirpoint.open.allscripts.com/fhirroute/fhir/56854,Provider,Direct
Allergy Asthma Immunology of the Rockies,https://fhir.fhirpoint.open.allscripts.com/fhirroute/fhir/60222,Provider,Direct
ALLERGY  ASTHMA AND SINUS CENTER P.C.,https://fhir.fhirpoint.open.allscripts.com/fhirroute/fhir/10052501,Provider,Direct
Allergy  Asthma  Sinus Center,https://fhir.fhirpoint.open.allscripts.com/fhirroute/fhir/10021407,Provider,Direct
Alley Medical Center,https://fhir.fhirpoint.open.allscripts.com/fhirroute/fhir/57844,Provider,Direct
Alliance Xpress Care LLC,https://fhir.fhirpoint.open.allscripts.com/fhirroute/fhir/10129099,Provider,Direct
Alma Medical Group,https://fhir.fhirpoint.open.allscripts.com/fhirroute/fhir/76027,Provider,Direct
Alonzo Flores Md Dba Orange Family,https://fhir.fhirpoint.open.allscripts.com/fhirroute/fhir/73542,Provider,Direct
Alphonso Ciervo Md,https://fhir.fhirpoint.open.allscripts.com/fhirroute/fhir/70036HJ,Provider,Direct
Amarillo Family Physicians,https://fhir.fhirpoint.open.allscripts.com/fhirroute/fhir/10037240,Provider,Direct
Ambulatory Foot Center,https://fhir.fhirpoint.open.allscripts.com/fhirroute/fhir/10359869,Provider,Direct
American Healthcare Systems  LLC,https://fhir.fhirpoint.open.allscripts.com/fhirroute/fhir/10038178,Provider,Direct
American Heart Center Pc,https://fhir.fhirpoint.open.allscripts.com/fhirroute/fhir/8948,Provider,Direct
Americas Nurses,https://fhir.fhirpoint.open.allscripts.com/fhirroute/fhir/10515883,Provider,Direct
Amins Family Practice,https://fhir.fhirpoint.open.allscripts.com/fhirroute/fhir/10044751,Provider,Direct
Amir A Malik Md,https://fhir.fhirpoint.open.allscripts.com/fhirroute/fhir/77442,Provider,Direct
Amir Agha,https://fhir.fhirpoint.open.allscripts.com/fhirroute/fhir/10062429,Provider,Direct
Amy Brenner MD  Associates LLC,https://fhir.fhirpoint.open.allscripts.com/fhirroute/fhir/10079236,Provider,Direct
Andres Guillermo Md,https://fhir.fhirpoint.open.allscripts.com/fhirroute/fhir/72437,Provider,Direct
Andrew Kim MD,https://fhir.fhirpoint.open.allscripts.com/fhirroute/fhir/10062405,Provider,Direct
Ankle  Foot Center,https://fhir.fhirpoint.open.allscripts.com/fhirroute/fhir/73639,Provider,Direct
Anniston Cardiology,https://fhir.fhirpoint.open.allscripts.com/fhirroute/fhir/0011776,Provider,Direct
Anniston Medical Clinic PC,https://fhir.fhirpoint.open.allscripts.com/fhirroute/fhir/10009389,Provider,Direct
Antelope Valley Cardiology A,https://fhir.fhirpoint.open.allscripts.com/fhirroute/fhir/10059034,Provider,Direct
Anthony Decotis Md,https://fhir.fhirpoint.open.allscripts.com/fhirroute/fhir/73388,Provider,Direct
Anthony Martin Mills MD,https://fhir.fhirpoint.open.allscripts.com/fhirroute/fhir/10037905,Provider,Direct
Apex Health and Wellness,https://fhir.fhirpoint.open.allscripts.com/fhirroute/fhir/10359846,Provider,Direct
APS040D Base EMR,https://fhir.fhirpoint.open.allscripts.com/fhirroute/fhir/APS040D,Provider,Direct
APS050S Base EMR,https://fhir.fhirpoint.open.allscripts.com/fhirroute/fhir/APS050S,Provider,Direct
APS051D Practice,https://fhir.fhirpoint.open.allscripts.com/fhirroute/fhir/APS051D,Provider,Direct
APS053S Practice,https://fhir.fhirpoint.open.allscripts.com/fhirroute/fhir/APS053S,Provider,Direct
Arbor Family Medicine PC,https://fhir.fhirpoint.open.allscripts.com/fhirroute/fhir/10033279,Provider,Direct
Arkansas Orthopaedic Center,https://fhir.fhirpoint.open.allscripts.com/fhirroute/fhir/4176,Provider,Direct
Armando Franco Md,https://fhir.fhirpoint.open.allscripts.com/fhirroute/fhir/76308,Provider,Direct
Arr Alinsod Md,https://fhir.fhirpoint.open.allscripts.com/fhirroute/fhir/76770,Provider,Direct
Arthritis  Pain Assoc Of Pg County,https://fhir.fhirpoint.open.allscripts.com/fhirroute/fhir/10040076,Provider,Direct
Arthritis & Osteoporosis Associates,https://fhir.fhirpoint.open.allscripts.com/fhirroute/fhir/10063075,Provider,Direct
Arthritis & Pain Associates Of P.G. County,https://fhir.fhirpoint.open.allscripts.com/fhirroute/fhir/10773,Provider,Direct
Arthritis Health,https://fhir.fhirpoint.open.allscripts.com/fhirroute/fhir/76467,Provider,Direct
ASC Ortho Management Company  LLC,https://fhir.fhirpoint.open.allscripts.com/fhirroute/fhir/10065948,Provider,Direct
Ashchi Heart and Vascular Center PA,https://fhir.fhirpoint.open.allscripts.com/fhirroute/fhir/10083716,Provider,Direct
Asheville Neurology Specialists,https://fhir.fhirpoint.open.allscripts.com/fhirroute/fhir/57199,Provider,Direct
Ashfaq Kudia MD,https://fhir.fhirpoint.open.allscripts.com/fhirroute/fhir/77927,Provider,Direct
Ashutosh S Lohe MD,https://fhir.fhirpoint.open.allscripts.com/fhirroute/fhir/10062555,Provider,Direct
Aspen Medical Care,https://fhir.fhirpoint.open.allscripts.com/fhirroute/fhir/10036548,Provider,Direct
Aspire Allergy & Sinus,https://fhir.fhirpoint.open.allscripts.com/fhirroute/fhir/0010141,Provider,Direct
Assoc in Physical Medicine and Rehab,https://fhir.fhirpoint.open.allscripts.com/fhirroute/fhir/61275,Provider,Direct
Assoc. In Ortho & Sports Med,https://fhir.fhirpoint.open.allscripts.com/fhirroute/fhir/10041609,Provider,Direct
Associated Foot Ankle Specialist of Ohio,https://fhir.fhirpoint.open.allscripts.com/fhirroute/fhir/1700145P,Provider,Direct
Associated Gastroenterology Consultants,https://fhir.fhirpoint.open.allscripts.com/fhirroute/fhir/10011068,Provider,Direct
Associated Internists of Ahwatukee  PC,https://fhir.fhirpoint.open.allscripts.com/fhirroute/fhir/58079,Provider,Direct
Associates for Psychiatric Services,https://fhir.fhirpoint.open.allscripts.com/fhirroute/fhir/0010390,Provider,Direct
Associates In Foot  Ankle Surgery,https://fhir.fhirpoint.open.allscripts.com/fhirroute/fhir/9683,Provider,Direct
Associates In Gastroenterology,https://fhir.fhirpoint.open.allscripts.com/fhirroute/fhir/10036152,Provider,Direct
associates in Neurology PC,https://fhir.fhirpoint.open.allscripts.com/fhirroute/fhir/10013460,Provider,Direct
Asthma and Allergy Clinic of Marin and SF Inc,https://fhir.fhirpoint.open.allscripts.com/fhirroute/fhir/73649,Provider,Direct
Atlanta Colon  Rectal Surgery,https://fhir.fhirpoint.open.allscripts.com/fhirroute/fhir/10065609,Provider,Direct
Atlanta Neuroscience Institute  Inc,https://fhir.fhirpoint.open.allscripts.com/fhirroute/fhir/10026790,Provider,Direct
Atlantic Ob/Gyn Associates,https://fhir.fhirpoint.open.allscripts.com/fhirroute/fhir/76113,Provider,Direct
Atlantic Orthopaedic Specialists,https://fhir.fhirpoint.open.allscripts.com/fhirroute/fhir/10005594,Provider,Direct
Atlantic Orthopaedics,https://fhir.fhirpoint.open.allscripts.com/fhirroute/fhir/10042915,Provider,Direct
Auburn Pediatric and Adult Med,https://fhir.fhirpoint.open.allscripts.com/fhirroute/fhir/10045454,Provider,Direct
Auburn University,https://fhir.fhirpoint.open.allscripts.com/fhirroute/fhir/11065841,Provider,Direct
Auburn University Medical Clinic,https://fhir.fhirpoint.open.allscripts.com/fhirroute/fhir/10043685,Provider,Direct
Augusta Gastrointestinal,https://fhir.fhirpoint.open.allscripts.com/fhirroute/fhir/10052005,Provider,Direct
Augusta Urology Associates Pc,https://fhir.fhirpoint.open.allscripts.com/fhirroute/fhir/11587844,Provider,Direct
Avila Holdings LLC,https://fhir.fhirpoint.open.allscripts.com/fhirroute/fhir/10215809,Provider,Direct
Avon Medical Professionals LLC,https://fhir.fhirpoint.open.allscripts.com/fhirroute/fhir/9263,Provider,Direct
Ayden Medical Group,https://fhir.fhirpoint.open.allscripts.com/fhirroute/fhir/74395,Provider,Direct
Azalea Gynecology,https://fhir.fhirpoint.open.allscripts.com/fhirroute/fhir/10024528,Provider,Direct
Babra Saeed Md,https://fhir.fhirpoint.open.allscripts.com/fhirroute/fhir/62555,Provider,Direct
Bac H Nguyen Md,https://fhir.fhirpoint.open.allscripts.com/fhirroute/fhir/75418,Provider,Direct
Baha Abuesheh  MD,https://fhir.fhirpoint.open.allscripts.com/fhirroute/fhir/10033421,Provider,Direct
Bahri Orthopaedic & Sports Med Clinic Pa,https://fhir.fhirpoint.open.allscripts.com/fhirroute/fhir/0900772,Provider,Direct
BakerGilmour Cardiology,https://fhir.fhirpoint.open.allscripts.com/fhirroute/fhir/10057297,Provider,Direct
Baltimore Neurosurgery And Spine Center,https://fhir.fhirpoint.open.allscripts.com/fhirroute/fhir/74163,Provider,Direct
Bao Pham Do,https://fhir.fhirpoint.open.allscripts.com/fhirroute/fhir/10035735,Provider,Direct
Barbara A Cavallaro MD,https://fhir.fhirpoint.open.allscripts.com/fhirroute/fhir/10368851,Provider,Direct
Barbara A Cavallaro MD,https://fhir.fhirpoint.open.allscripts.com/fhirroute/fhir/10368850,Provider,Direct
Barbara A Cavallaro MD,https://fhir.fhirpoint.open.allscripts.com/fhirroute/fhir/77179,Provider,Direct
Barry S Tatar MD LLC,https://fhir.fhirpoint.open.allscripts.com/fhirroute/fhir/10004738,Provider,Direct
Barstow Family Care,https://fhir.fhirpoint.open.allscripts.com/fhirroute/fhir/10035684,Provider,Direct
Bashar Alzahabi Md,https://fhir.fhirpoint.open.allscripts.com/fhirroute/fhir/76557,Provider,Direct
Batesville Medical Specialties,https://fhir.fhirpoint.open.allscripts.com/fhirroute/fhir/57412,Provider,Direct
Bay Pediatric Clinic Pc,https://fhir.fhirpoint.open.allscripts.com/fhirroute/fhir/74850,Provider,Direct
Bayside Family & Sports Medicine,https://fhir.fhirpoint.open.allscripts.com/fhirroute/fhir/57246,Provider,Direct
BC Muthappa MD PA,https://fhir.fhirpoint.open.allscripts.com/fhirroute/fhir/10043242,Provider,Direct
Be Well Primary Health Care Center  LLC,https://fhir.fhirpoint.open.allscripts.com/fhirroute/fhir/10074070,Provider,Direct
Beaumont Bone & Joint,https://fhir.fhirpoint.open.allscripts.com/fhirroute/fhir/10010749,Provider,Direct
Beauregard Family Medical Center,https://fhir.fhirpoint.open.allscripts.com/fhirroute/fhir/10077327,Provider,Direct
Beauregard Physician Group Llc,https://fhir.fhirpoint.open.allscripts.com/fhirroute/fhir/10076808,Provider,Direct
Beauregard Urgent Care,https://fhir.fhirpoint.open.allscripts.com/fhirroute/fhir/10077333,Provider,Direct
Bedford Commons OB GYN,https://fhir.fhirpoint.open.allscripts.com/fhirroute/fhir/10036838,Provider,Direct
Bedford Surgical,https://fhir.fhirpoint.open.allscripts.com/fhirroute/fhir/0011059S,Provider,Direct
Behavioral Health,https://fhir.fhirpoint.open.allscripts.com/fhirroute/fhir/10372845,Provider,Direct
Bellefonte Medical Clinic,https://fhir.fhirpoint.open.allscripts.com/fhirroute/fhir/74583,Provider,Direct
Belleville Pediatrics,https://fhir.fhirpoint.open.allscripts.com/fhirroute/fhir/75557,Provider,Direct
Bellingham Asthma Allergy & Immunology,https://fhir.fhirpoint.open.allscripts.com/fhirroute/fhir/0009783,Provider,Direct
Beloit Medical Center,https://fhir.fhirpoint.open.allscripts.com/fhirroute/fhir/10058326,Provider,Direct
Benny J Sanchez Md,https://fhir.fhirpoint.open.allscripts.com/fhirroute/fhir/75914,Provider,Direct
Bernard Davidoff  MD  PA,https://fhir.fhirpoint.open.allscripts.com/fhirroute/fhir/10068630,Provider,Direct
Bernard Ong  M.D.  Pc,https://fhir.fhirpoint.open.allscripts.com/fhirroute/fhir/10048931,Provider,Direct
Bethany Medical Center,https://fhir.fhirpoint.open.allscripts.com/fhirroute/fhir/70354,Provider,Direct
Beverly Hills Pediatrics,https://fhir.fhirpoint.open.allscripts.com/fhirroute/fhir/10656,Provider,Direct
Bhatti Gastroenterology Consultants PA,https://fhir.fhirpoint.open.allscripts.com/fhirroute/fhir/10086571,Provider,Direct
Biltmore Family Physicians,https://fhir.fhirpoint.open.allscripts.com/fhirroute/fhir/72337,Provider,Direct
Biltmore Medical Associates,https://fhir.fhirpoint.open.allscripts.com/fhirroute/fhir/10033074,Provider,Direct
Birmingham Gastroenterology Associates  PC,https://fhir.fhirpoint.open.allscripts.com/fhirroute/fhir/10011961,Provider,Direct
Birmingham Urgent Care,https://fhir.fhirpoint.open.allscripts.com/fhirroute/fhir/75346,Provider,Direct
Blake Frieden MD  PA,https://fhir.fhirpoint.open.allscripts.com/fhirroute/fhir/58074,Provider,Direct
Bloomfield Health,https://fhir.fhirpoint.open.allscripts.com/fhirroute/fhir/58277,Provider,Direct
Blount Senior Care Partners,https://fhir.fhirpoint.open.allscripts.com/fhirroute/fhir/10063547,Provider,Direct
Blue Ridge Ent & Plastic Surgery Inc,https://fhir.fhirpoint.open.allscripts.com/fhirroute/fhir/10041765,Provider,Direct
Blue Ridge Pediatric & Adolescent Medicine  Inc.,https://fhir.fhirpoint.open.allscripts.com/fhirroute/fhir/10027569,Provider,Direct
Bluefied Pediatric Cardiology,https://fhir.fhirpoint.open.allscripts.com/fhirroute/fhir/75246,Provider,Direct
Bone & Joint Center,https://fhir.fhirpoint.open.allscripts.com/fhirroute/fhir/10029141,Provider,Direct
Border Pain Institute,https://fhir.fhirpoint.open.allscripts.com/fhirroute/fhir/10714851,Provider,Direct
Bowling Orthopaedics,https://fhir.fhirpoint.open.allscripts.com/fhirroute/fhir/72821,Provider,Direct
Brain And Spine LLC,https://fhir.fhirpoint.open.allscripts.com/fhirroute/fhir/0000070,Provider,Direct
Branko Banar,https://fhir.fhirpoint.open.allscripts.com/fhirroute/fhir/10033008,Provider,Direct
Breast Care Specialists  Llc,https://fhir.fhirpoint.open.allscripts.com/fhirroute/fhir/10008998,Provider,Direct
Brenda S Waller Md,https://fhir.fhirpoint.open.allscripts.com/fhirroute/fhir/0010021,Provider,Direct
BREVARD SKIN & CANCER CENTER,https://fhir.fhirpoint.open.allscripts.com/fhirroute/fhir/10030494,Provider,Direct
Brewster Medical Associates,https://fhir.fhirpoint.open.allscripts.com/fhirroute/fhir/73807,Provider,Direct
Brian Le Do PC dba Las Vegas Spine and Pain Center,https://fhir.fhirpoint.open.allscripts.com/fhirroute/fhir/10084853,Provider,Direct
Bristol Gynecology and Obstetrics,https://fhir.fhirpoint.open.allscripts.com/fhirroute/fhir/77079,Provider,Direct
Brito Health Care,https://fhir.fhirpoint.open.allscripts.com/fhirroute/fhir/74631,Provider,Direct
Brito Health Care,https://fhir.fhirpoint.open.allscripts.com/fhirroute/fhir/74189,Provider,Direct
Broad Street Clinic Foundation,https://fhir.fhirpoint.open.allscripts.com/fhirroute/fhir/77161,Provider,Direct
Bronson Lakeview Hospital,https://fhir.fhirpoint.open.allscripts.com/fhirroute/fhir/58196,Provider,Direct
Bronson Methodist Hospital,https://fhir.fhirpoint.open.allscripts.com/fhirroute/fhir/57040,Provider,Direct
Broward Family Medical Group Llc,https://fhir.fhirpoint.open.allscripts.com/fhirroute/fhir/74216,Provider,Direct
Brown Fertility,https://fhir.fhirpoint.open.allscripts.com/fhirroute/fhir/10239843,Provider,Direct
Buchanan Health Center,https://fhir.fhirpoint.open.allscripts.com/fhirroute/fhir/75687,Provider,Direct
Buckles Family Health Care,https://fhir.fhirpoint.open.allscripts.com/fhirroute/fhir/56146,Provider,Direct
Bullit County Family Practitioners,https://fhir.fhirpoint.open.allscripts.com/fhirroute/fhir/10062806,Provider,Direct
Bun Siu Co MD SC,https://fhir.fhirpoint.open.allscripts.com/fhirroute/fhir/10088801,Provider,Direct
Burgess Health Center,https://fhir.fhirpoint.open.allscripts.com/fhirroute/fhir/10036904,Provider,Direct
Burick Ctr For HealthWellness,https://fhir.fhirpoint.open.allscripts.com/fhirroute/fhir/60467,Provider,Direct
Burlington County Orthopedic Specialists,https://fhir.fhirpoint.open.allscripts.com/fhirroute/fhir/10054117,Provider,Direct
Cadillac Family Physicians,https://fhir.fhirpoint.open.allscripts.com/fhirroute/fhir/57404,Provider,Direct
Caduceus Corporation,https://fhir.fhirpoint.open.allscripts.com/fhirroute/fhir/9857,Provider,Direct
Cahaba Valley Surgical Group Pc,https://fhir.fhirpoint.open.allscripts.com/fhirroute/fhir/10856850,Provider,Direct
California Case Management Experts,https://fhir.fhirpoint.open.allscripts.com/fhirroute/fhir/11118841,Provider,Direct
Callahan and Le,https://fhir.fhirpoint.open.allscripts.com/fhirroute/fhir/10071726,Provider,Direct
Camino Health Center,https://fhir.fhirpoint.open.allscripts.com/fhirroute/fhir/10043885,Provider,Direct
Cape Fear Family Medical Care  P.A.,https://fhir.fhirpoint.open.allscripts.com/fhirroute/fhir/0006058,Provider,Direct
Cape Girardeau Surgical Clinic,https://fhir.fhirpoint.open.allscripts.com/fhirroute/fhir/11128842,Provider,Direct
Cape Girardeau Urology Associates,https://fhir.fhirpoint.open.allscripts.com/fhirroute/fhir/11144841,Provider,Direct
Cape Regional Health Enterprise,https://fhir.fhirpoint.open.allscripts.com/fhirroute/fhir/10042117,Provider,Direct
Capital Area Pediatrics,https://fhir.fhirpoint.open.allscripts.com/fhirroute/fhir/0010599,Provider,Direct
Capital Family Physicians  P.A.,https://fhir.fhirpoint.open.allscripts.com/fhirroute/fhir/0008817,Provider,Direct
Capital Urological Associates,https://fhir.fhirpoint.open.allscripts.com/fhirroute/fhir/10035805,Provider,Direct
Capitol Pediatrics,https://fhir.fhirpoint.open.allscripts.com/fhirroute/fhir/57142,Provider,Direct
Capo and Fitzgerald Physicians LLC,https://fhir.fhirpoint.open.allscripts.com/fhirroute/fhir/10079015,Provider,Direct
Cardinal Pediatrics  PLLC,https://fhir.fhirpoint.open.allscripts.com/fhirroute/fhir/10035249,Provider,Direct
Cardio Medical Consultants,https://fhir.fhirpoint.open.allscripts.com/fhirroute/fhir/72398,Provider,Direct
Cardiology & Internal Medicine,https://fhir.fhirpoint.open.allscripts.com/fhirroute/fhir/0008994,Provider,Direct
Cardiology & Medicine Assoc,https://fhir.fhirpoint.open.allscripts.com/fhirroute/fhir/10026345,Provider,Direct
Cardiology Assoc Of Birmingham,https://fhir.fhirpoint.open.allscripts.com/fhirroute/fhir/55944,Provider,Direct
Cardiology Consultants of Michigan  PC,https://fhir.fhirpoint.open.allscripts.com/fhirroute/fhir/0004152,Provider,Direct
Cardiology Consultants Of South Georgia,https://fhir.fhirpoint.open.allscripts.com/fhirroute/fhir/10036159,Provider,Direct
Cardiology of Paducah,https://fhir.fhirpoint.open.allscripts.com/fhirroute/fhir/77141,Provider,Direct
Cardiology PC,https://fhir.fhirpoint.open.allscripts.com/fhirroute/fhir/10019983,Provider,Direct
Cardiology Physicians,https://fhir.fhirpoint.open.allscripts.com/fhirroute/fhir/10420,Provider,Direct
CardioMetabolic Health,https://fhir.fhirpoint.open.allscripts.com/fhirroute/fhir/0011291,Provider,Direct
Cardiothoracic And Vascular Surgical Associates,https://fhir.fhirpoint.open.allscripts.com/fhirroute/fhir/10015374,Provider,Direct
Cardiovascular Consultants Medical Group,https://fhir.fhirpoint.open.allscripts.com/fhirroute/fhir/75951,Provider,Direct
Cardiovascular Consultants PC,https://fhir.fhirpoint.open.allscripts.com/fhirroute/fhir/55946,Provider,Direct
Cardiovascular Consultants  PC,https://fhir.fhirpoint.open.allscripts.com/fhirroute/fhir/10043002,Provider,Direct
Cardiovascular Solutions of Central MS,https://fhir.fhirpoint.open.allscripts.com/fhirroute/fhir/10088255,Provider,Direct
Care Dimensions Inc,https://fhir.fhirpoint.open.allscripts.com/fhirroute/fhir/10059750,Provider,Direct
Care Point Health & Wellness Center,https://fhir.fhirpoint.open.allscripts.com/fhirroute/fhir/10112684,Provider,Direct
Carenet Medical Group,https://fhir.fhirpoint.open.allscripts.com/fhirroute/fhir/56569,Provider,Direct
Caring Pediatric Partners PC,https://fhir.fhirpoint.open.allscripts.com/fhirroute/fhir/10613858,Provider,Direct
Carithers Pediatric Group,https://fhir.fhirpoint.open.allscripts.com/fhirroute/fhir/10040388,Provider,Direct
Carl B Weiss Md Pc,https://fhir.fhirpoint.open.allscripts.com/fhirroute/fhir/75081,Provider,Direct
Carlinville Area Hospital,https://fhir.fhirpoint.open.allscripts.com/fhirroute/fhir/10084574,Provider,Direct
Carol J. Weiss  MD,https://fhir.fhirpoint.open.allscripts.com/fhirroute/fhir/10065500,Provider,Direct
Carolina Dermatology and Endo,https://fhir.fhirpoint.open.allscripts.com/fhirroute/fhir/71197,Provider,Direct
Carolina Digestive Disease Pa,https://fhir.fhirpoint.open.allscripts.com/fhirroute/fhir/0900850,Provider,Direct
Carolina Doctors Med Care Pc,https://fhir.fhirpoint.open.allscripts.com/fhirroute/fhir/73276,Provider,Direct
Carolina Family Centre,https://fhir.fhirpoint.open.allscripts.com/fhirroute/fhir/3628,Provider,Direct
Carolina Foot and Ankle Specialists,https://fhir.fhirpoint.open.allscripts.com/fhirroute/fhir/10066779,Provider,Direct
Carolina Headache Institute,https://fhir.fhirpoint.open.allscripts.com/fhirroute/fhir/69321,Provider,Direct
Carolina Internal Medicine,https://fhir.fhirpoint.open.allscripts.com/fhirroute/fhir/10024067,Provider,Direct
Carolina Kidney Associates,https://fhir.fhirpoint.open.allscripts.com/fhirroute/fhir/10065404,Provider,Direct
Carolina Pediatrics Of The Triad  PA,https://fhir.fhirpoint.open.allscripts.com/fhirroute/fhir/10035416,Provider,Direct
Carolyn J Agresti MD Ear Nose Throat Inc,https://fhir.fhirpoint.open.allscripts.com/fhirroute/fhir/10079043,Provider,Direct
Carroll Childrens Center,https://fhir.fhirpoint.open.allscripts.com/fhirroute/fhir/0010516,Provider,Direct
Cary Behavioral Health,https://fhir.fhirpoint.open.allscripts.com/fhirroute/fhir/1700247,Provider,Direct
Cary Healthcare Assoc,https://fhir.fhirpoint.open.allscripts.com/fhirroute/fhir/7872,Provider,Direct
Cascade West Primary Care Clinic,https://fhir.fhirpoint.open.allscripts.com/fhirroute/fhir/10359853,Provider,Direct
Casper Orthopaedic Assoc PC,https://fhir.fhirpoint.open.allscripts.com/fhirroute/fhir/0001695,Provider,Direct
Casper Orthopedics,https://fhir.fhirpoint.open.allscripts.com/fhirroute/fhir/10016718,Provider,Direct
Catawba Pediatric Associates,https://fhir.fhirpoint.open.allscripts.com/fhirroute/fhir/10021952,Provider,Direct
Catskill Orthopedics PC,https://fhir.fhirpoint.open.allscripts.com/fhirroute/fhir/10064054,Provider,Direct
CDR Health Care Inc,https://fhir.fhirpoint.open.allscripts.com/fhirroute/fhir/11170841,Provider,Direct
Cecil Bryan Jordan Ii MD,https://fhir.fhirpoint.open.allscripts.com/fhirroute/fhir/10054399,Provider,Direct
Cedar Avenue Family Practice,https://fhir.fhirpoint.open.allscripts.com/fhirroute/fhir/76035,Provider,Direct
Celebrating Life Community Health,https://fhir.fhirpoint.open.allscripts.com/fhirroute/fhir/10603880,Provider,Direct
Center City Pediatrics,https://fhir.fhirpoint.open.allscripts.com/fhirroute/fhir/10049726,Provider,Direct
Center Disease and Surgery Spine,https://fhir.fhirpoint.open.allscripts.com/fhirroute/fhir/10082049,Provider,Direct
CENTER FOR INFECTIONS,https://fhir.fhirpoint.open.allscripts.com/fhirroute/fhir/0009495,Provider,Direct
Center For Orthopedic Surgery,https://fhir.fhirpoint.open.allscripts.com/fhirroute/fhir/10046270,Provider,Direct
Center For Pain Management,https://fhir.fhirpoint.open.allscripts.com/fhirroute/fhir/56262,Provider,Direct
Center for Pediatric and Adolescent Med,https://fhir.fhirpoint.open.allscripts.com/fhirroute/fhir/10032131,Provider,Direct
Center for Pulmonary and Sleep Medicine  PC,https://fhir.fhirpoint.open.allscripts.com/fhirroute/fhir/10033644,Provider,Direct
Center For Vascular Disorders,https://fhir.fhirpoint.open.allscripts.com/fhirroute/fhir/10061453,Provider,Direct
Central Carolina Community Family Care,https://fhir.fhirpoint.open.allscripts.com/fhirroute/fhir/73500,Provider,Direct
Central Ct Neurosurgery & Spine,https://fhir.fhirpoint.open.allscripts.com/fhirroute/fhir/73519,Provider,Direct
Central Jersey Hand Surgery,https://fhir.fhirpoint.open.allscripts.com/fhirroute/fhir/10039458,Provider,Direct
Central Missouri Urology Clinics,https://fhir.fhirpoint.open.allscripts.com/fhirroute/fhir/73329,Provider,Direct
Central Wyoming Urological,https://fhir.fhirpoint.open.allscripts.com/fhirroute/fhir/10022903,Provider,Direct
Century Airport Pediatrics At Caritas,https://fhir.fhirpoint.open.allscripts.com/fhirroute/fhir/10046510,Provider,Direct
Certified Allergy & Asthma Consultants,https://fhir.fhirpoint.open.allscripts.com/fhirroute/fhir/10044422,Provider,Direct
Certified Allergy & Asthma Consultants,https://fhir.fhirpoint.open.allscripts.com/fhirroute/fhir/0011533,Provider,Direct
CFP Physicians Group,https://fhir.fhirpoint.open.allscripts.com/fhirroute/fhir/10089155,Provider,Direct
Chad Ezzell MD,https://fhir.fhirpoint.open.allscripts.com/fhirroute/fhir/74338,Provider,Direct
Champlain Ctr For Natural Med,https://fhir.fhirpoint.open.allscripts.com/fhirroute/fhir/10017271,Provider,Direct
Chancellor Internal Medicine,https://fhir.fhirpoint.open.allscripts.com/fhirroute/fhir/9311,Provider,Direct
Chantilly Family Practice Ctr,https://fhir.fhirpoint.open.allscripts.com/fhirroute/fhir/10040348,Provider,Direct
Chapel Hill Pediatrics,https://fhir.fhirpoint.open.allscripts.com/fhirroute/fhir/10033359,Provider,Direct
Chapin Pediatrics,https://fhir.fhirpoint.open.allscripts.com/fhirroute/fhir/0010642,Provider,Direct
Charles R Barker DO Family Practice,https://fhir.fhirpoint.open.allscripts.com/fhirroute/fhir/0009941,Provider,Direct
Charles Ray MD,https://fhir.fhirpoint.open.allscripts.com/fhirroute/fhir/58248,Provider,Direct
Charleston Nephrology,https://fhir.fhirpoint.open.allscripts.com/fhirroute/fhir/0900078,Provider,Direct
Charlotte Lung And Health Ctr,https://fhir.fhirpoint.open.allscripts.com/fhirroute/fhir/72330,Provider,Direct
Charlotte Z Yang Md,https://fhir.fhirpoint.open.allscripts.com/fhirroute/fhir/74586,Provider,Direct
Charming Skin Med Spa,https://fhir.fhirpoint.open.allscripts.com/fhirroute/fhir/73754,Provider,Direct
Chattanooga Family Practice,https://fhir.fhirpoint.open.allscripts.com/fhirroute/fhir/10917848,Provider,Direct
Chautauqua Cty Dba Resource Ct,https://fhir.fhirpoint.open.allscripts.com/fhirroute/fhir/71123,Provider,Direct
Chegar Facial Plastic Surgery,https://fhir.fhirpoint.open.allscripts.com/fhirroute/fhir/10129748,Provider,Direct
Cherokee Womens Health Specialists,https://fhir.fhirpoint.open.allscripts.com/fhirroute/fhir/10039275,Provider,Direct
Chesapeake Hospital Authority  dba Chesapeake Regional Medical Center,https://fhir.fhirpoint.open.allscripts.com/fhirroute/fhir/10022886,Provider,Direct
Chesapeake Urology Associates / Legacy,https://fhir.fhirpoint.open.allscripts.com/fhirroute/fhir/10026644,Provider,Direct
Chest Infectious Disease Critical Care,https://fhir.fhirpoint.open.allscripts.com/fhirroute/fhir/0002980,Provider,Direct
Chestertown Family Medicine,https://fhir.fhirpoint.open.allscripts.com/fhirroute/fhir/0003701,Provider,Direct
Chicago WomenS Health Ltd,https://fhir.fhirpoint.open.allscripts.com/fhirroute/fhir/10028428,Provider,Direct
Child and Family Development,https://fhir.fhirpoint.open.allscripts.com/fhirroute/fhir/10032145,Provider,Direct
Child Neurology Center Of Northwest Fl,https://fhir.fhirpoint.open.allscripts.com/fhirroute/fhir/0008125,Provider,Direct
Children First Pediatrics,https://fhir.fhirpoint.open.allscripts.com/fhirroute/fhir/75336,Provider,Direct
Children s Medical Group. PA,https://fhir.fhirpoint.open.allscripts.com/fhirroute/fhir/10046904,Provider,Direct
Childrens Clinic,https://fhir.fhirpoint.open.allscripts.com/fhirroute/fhir/10041877,Provider,Direct
Childrens Lung and Sleep Assoc,https://fhir.fhirpoint.open.allscripts.com/fhirroute/fhir/76805,Provider,Direct
Childrens Medical Center,https://fhir.fhirpoint.open.allscripts.com/fhirroute/fhir/10584872,Provider,Direct
Childrens Mercy  Preferred Pediatrics,https://fhir.fhirpoint.open.allscripts.com/fhirroute/fhir/10116670,Provider,Direct
ChildrensSpecialistOfFloridaPulmonology,https://fhir.fhirpoint.open.allscripts.com/fhirroute/fhir/10040496,Provider,Direct
CHINESE AMERICAN SERVICE LEAGUE INC,https://fhir.fhirpoint.open.allscripts.com/fhirroute/fhir/10954842,Provider,Direct
Chippenham Pediatric and Adolescent Medicine,https://fhir.fhirpoint.open.allscripts.com/fhirroute/fhir/10035446,Provider,Direct
CHMB Neurology Clinic of Marin,https://fhir.fhirpoint.open.allscripts.com/fhirroute/fhir/10215801,Provider,Direct
Choice Pediatrix  P.A.,https://fhir.fhirpoint.open.allscripts.com/fhirroute/fhir/76674,Provider,Direct
Chris R Gelvin MD,https://fhir.fhirpoint.open.allscripts.com/fhirroute/fhir/10043098,Provider,Direct
Christopher D Carey Md,https://fhir.fhirpoint.open.allscripts.com/fhirroute/fhir/75826,Provider,Direct
Christopher R Rose Md Pa,https://fhir.fhirpoint.open.allscripts.com/fhirroute/fhir/74295,Provider,Direct
CHRISTUS Heart & Vascular Institute,https://fhir.fhirpoint.open.allscripts.com/fhirroute/fhir/0300005,Provider,Direct
Chuback Vein Center,https://fhir.fhirpoint.open.allscripts.com/fhirroute/fhir/72253,Provider,Direct
Cincinnati GI,https://fhir.fhirpoint.open.allscripts.com/fhirroute/fhir/10033060,Provider,Direct
Citi Medical Of Canarsie,https://fhir.fhirpoint.open.allscripts.com/fhirroute/fhir/70036NC,Provider,Direct
City Line Pediatrics,https://fhir.fhirpoint.open.allscripts.com/fhirroute/fhir/1700209,Provider,Direct
City of Raleigh,https://fhir.fhirpoint.open.allscripts.com/fhirroute/fhir/10203801,Provider,Direct
Clark Center For Comprehensive,https://fhir.fhirpoint.open.allscripts.com/fhirroute/fhir/1700099,Provider,Direct
Clayton Medical Assoc,https://fhir.fhirpoint.open.allscripts.com/fhirroute/fhir/0007979,Provider,Direct
Clayton Medical Assoc,https://fhir.fhirpoint.open.allscripts.com/fhirroute/fhir/10010049,Provider,Direct
Clayton Pediatrics Center Pa,https://fhir.fhirpoint.open.allscripts.com/fhirroute/fhir/70569,Provider,Direct
Clinical Neurophyiology Services,https://fhir.fhirpoint.open.allscripts.com/fhirroute/fhir/10021156,Provider,Direct
Clinicians in Infectious Diesease,https://fhir.fhirpoint.open.allscripts.com/fhirroute/fhir/56545AK,Provider,Direct
Clinics of North Texas,https://fhir.fhirpoint.open.allscripts.com/fhirroute/fhir/70707C,Provider,Direct
Clinics of North Texas  LLP,https://fhir.fhirpoint.open.allscripts.com/fhirroute/fhir/70707,Provider,Direct
Clinix Healthcare,https://fhir.fhirpoint.open.allscripts.com/fhirroute/fhir/10038384,Provider,Direct
Clinton County Medical Center PC,https://fhir.fhirpoint.open.allscripts.com/fhirroute/fhir/0005146,Provider,Direct
Clinton Medical Clinic  Inc,https://fhir.fhirpoint.open.allscripts.com/fhirroute/fhir/10019619,Provider,Direct
Clinton Women s Healthcare,https://fhir.fhirpoint.open.allscripts.com/fhirroute/fhir/10061847,Provider,Direct
Coastal Allergy & Asthma  Pc,https://fhir.fhirpoint.open.allscripts.com/fhirroute/fhir/10036004,Provider,Direct
Coastal Carolina Family Practice PA,https://fhir.fhirpoint.open.allscripts.com/fhirroute/fhir/10007760,Provider,Direct
Coastal Foot  Ankle Llc,https://fhir.fhirpoint.open.allscripts.com/fhirroute/fhir/73796,Provider,Direct
Coastal Neurology  P.A.,https://fhir.fhirpoint.open.allscripts.com/fhirroute/fhir/10055953,Provider,Direct
Coastal Physicians and Surgeons,https://fhir.fhirpoint.open.allscripts.com/fhirroute/fhir/0007896,Provider,Direct
Coddington Medical Family Practice  LLC,https://fhir.fhirpoint.open.allscripts.com/fhirroute/fhir/10067211,Provider,Direct
Coksaygan Medical,https://fhir.fhirpoint.open.allscripts.com/fhirroute/fhir/9653,Provider,Direct
Coleman Medical Associates,https://fhir.fhirpoint.open.allscripts.com/fhirroute/fhir/74207,Provider,Direct
Colin Hamblin,https://fhir.fhirpoint.open.allscripts.com/fhirroute/fhir/10119762,Provider,Direct
Colon  Rectal Care Inc,https://fhir.fhirpoint.open.allscripts.com/fhirroute/fhir/10036770,Provider,Direct
Colon Rectal Care,https://fhir.fhirpoint.open.allscripts.com/fhirroute/fhir/10036776,Provider,Direct
Colorado Mountain Medical  LLC,https://fhir.fhirpoint.open.allscripts.com/fhirroute/fhir/10311831,Provider,Direct
Colorado Physician Partners,https://fhir.fhirpoint.open.allscripts.com/fhirroute/fhir/10211803,Provider,Direct
Colorado Springs Urological As,https://fhir.fhirpoint.open.allscripts.com/fhirroute/fhir/11513843,Provider,Direct
Colorado West Otolaryngology,https://fhir.fhirpoint.open.allscripts.com/fhirroute/fhir/10030347,Provider,Direct
Colorectal Specialists,https://fhir.fhirpoint.open.allscripts.com/fhirroute/fhir/76635,Provider,Direct
Colorectal Surgical And Gastroenterology Associates,https://fhir.fhirpoint.open.allscripts.com/fhirroute/fhir/10038750,Provider,Direct
Columbia Medical Center,https://fhir.fhirpoint.open.allscripts.com/fhirroute/fhir/9437,Provider,Direct
Columbine Family Care,https://fhir.fhirpoint.open.allscripts.com/fhirroute/fhir/60886,Provider,Direct
Columbus Regional Health Physicians  LLC,https://fhir.fhirpoint.open.allscripts.com/fhirroute/fhir/0010519,Provider,Direct
Commonwealth Pain Specialists,https://fhir.fhirpoint.open.allscripts.com/fhirroute/fhir/10022598,Provider,Direct
Community Health Of Central WashingtonWA,https://fhir.fhirpoint.open.allscripts.com/fhirroute/fhir/10032436,Provider,Direct
Community Medical and Dental Care  Inc.,https://fhir.fhirpoint.open.allscripts.com/fhirroute/fhir/10049691,Provider,Direct
Community Medical Center,https://fhir.fhirpoint.open.allscripts.com/fhirroute/fhir/0010044,Provider,Direct
Community Medical Center Of West Volusia,https://fhir.fhirpoint.open.allscripts.com/fhirroute/fhir/10051940,Provider,Direct
Compass Health,https://fhir.fhirpoint.open.allscripts.com/fhirroute/fhir/10491841,Provider,Direct
Compass Pediatrics,https://fhir.fhirpoint.open.allscripts.com/fhirroute/fhir/72417,Provider,Direct
Complete Family Medicine,https://fhir.fhirpoint.open.allscripts.com/fhirroute/fhir/10035013,Provider,Direct
Complete Womens Care,https://fhir.fhirpoint.open.allscripts.com/fhirroute/fhir/USCore6.1/10090704,Provider,Direct
Complete Womens Care,https://fhir.fhirpoint.open.allscripts.com/fhirroute/fhir/10090704,Provider,Direct
Comprehensive ENT,https://fhir.fhirpoint.open.allscripts.com/fhirroute/fhir/73713,Provider,Direct
Comprehensive Heart Care,https://fhir.fhirpoint.open.allscripts.com/fhirroute/fhir/10014540,Provider,Direct
Comprehensive Hematology Oncology Center,https://fhir.fhirpoint.open.allscripts.com/fhirroute/fhir/77480,Provider,Direct
Comprehensive Internal Medicine,https://fhir.fhirpoint.open.allscripts.com/fhirroute/fhir/10034541,Provider,Direct
Comprehensive Medical Care,https://fhir.fhirpoint.open.allscripts.com/fhirroute/fhir/10055163,Provider,Direct
Comprehensive Orthopedic and Spine Care,https://fhir.fhirpoint.open.allscripts.com/fhirroute/fhir/11116844,Provider,Direct
Comprehensive Pain Management,https://fhir.fhirpoint.open.allscripts.com/fhirroute/fhir/77186,Provider,Direct
Conejo Womens Medical Center,https://fhir.fhirpoint.open.allscripts.com/fhirroute/fhir/77279,Provider,Direct
Congress Orthopaedic Associates,https://fhir.fhirpoint.open.allscripts.com/fhirroute/fhir/10422841,Provider,Direct
Conquest Md Spine Care Sports Medicine,https://fhir.fhirpoint.open.allscripts.com/fhirroute/fhir/71437,Provider,Direct
Consultants In Sleep & Pulminary Medicine,https://fhir.fhirpoint.open.allscripts.com/fhirroute/fhir/10044163,Provider,Direct
Continuem,https://fhir.fhirpoint.open.allscripts.com/fhirroute/fhir/10665844,Provider,Direct
Cook Family Health Center,https://fhir.fhirpoint.open.allscripts.com/fhirroute/fhir/10033639,Provider,Direct
Corinth Medical Specialist LLC,https://fhir.fhirpoint.open.allscripts.com/fhirroute/fhir/10029735,Provider,Direct
Cornerstone Family Medicine,https://fhir.fhirpoint.open.allscripts.com/fhirroute/fhir/10036363,Provider,Direct
Cornerstone Family Practice,https://fhir.fhirpoint.open.allscripts.com/fhirroute/fhir/55881,Provider,Direct
Cornerstone Family Practice  PLC,https://fhir.fhirpoint.open.allscripts.com/fhirroute/fhir/10017085,Provider,Direct
Cornerstone Medical Care of Brandon LLC,https://fhir.fhirpoint.open.allscripts.com/fhirroute/fhir/10042857,Provider,Direct
Cornerstone Medical Clinic,https://fhir.fhirpoint.open.allscripts.com/fhirroute/fhir/56435,Provider,Direct
Cornerstone Pediatric and Adolescent Medicine,https://fhir.fhirpoint.open.allscripts.com/fhirroute/fhir/58689,Provider,Direct
Corona Temecula Orthopaedic Associates,https://fhir.fhirpoint.open.allscripts.com/fhirroute/fhir/10039008,Provider,Direct
Corona Temecula Orthopaedic Associates,https://fhir.fhirpoint.open.allscripts.com/fhirroute/fhir/69364,Provider,Direct
Crater Lake Medical South,https://fhir.fhirpoint.open.allscripts.com/fhirroute/fhir/10359847,Provider,Direct
Creekside Ob/Gyn Of Folsom Medical Corporation,https://fhir.fhirpoint.open.allscripts.com/fhirroute/fhir/1501022,Provider,Direct
Crescent Healthcare,https://fhir.fhirpoint.open.allscripts.com/fhirroute/fhir/56172,Provider,Direct
Crown Obstetrics & Gynecology,https://fhir.fhirpoint.open.allscripts.com/fhirroute/fhir/57771,Provider,Direct
Crystal Coast Family Practice,https://fhir.fhirpoint.open.allscripts.com/fhirroute/fhir/10032922,Provider,Direct
Crystal Lake Health Center,https://fhir.fhirpoint.open.allscripts.com/fhirroute/fhir/56410,Provider,Direct
CSRA Medical Associates,https://fhir.fhirpoint.open.allscripts.com/fhirroute/fhir/0901343,Provider,Direct
CUA Opco / Tennessee Urology Associates / Southern  Tenneseee,https://fhir.fhirpoint.open.allscripts.com/fhirroute/fhir/10177742,Provider,Direct
CUA Opco  LLC Western  Region Urology / Foothills Urology,https://fhir.fhirpoint.open.allscripts.com/fhirroute/fhir/10167741,Provider,Direct
Cumberland Valley ENT Consultants,https://fhir.fhirpoint.open.allscripts.com/fhirroute/fhir/10044371,Provider,Direct
Cure 4 The Kids Foundation,https://fhir.fhirpoint.open.allscripts.com/fhirroute/fhir/10045331,Provider,Direct
Curtis S Young MD PLC,https://fhir.fhirpoint.open.allscripts.com/fhirroute/fhir/10037091,Provider,Direct
CV ENT Surgical Group,https://fhir.fhirpoint.open.allscripts.com/fhirroute/fhir/77693,Provider,Direct
CVC  PLLC DBA Korban Cardiology,https://fhir.fhirpoint.open.allscripts.com/fhirroute/fhir/10678841,Provider,Direct
Cynthia L Thomas DO,https://fhir.fhirpoint.open.allscripts.com/fhirroute/fhir/73665,Provider,Direct
Dallas County Hospital,https://fhir.fhirpoint.open.allscripts.com/fhirroute/fhir/10159240,Provider,Direct
Damayanti S Hatiwala,https://fhir.fhirpoint.open.allscripts.com/fhirroute/fhir/76354,Provider,Direct
Darroch Brain and Spine Institute,https://fhir.fhirpoint.open.allscripts.com/fhirroute/fhir/74340,Provider,Direct
Dartmouth Pediatrics,https://fhir.fhirpoint.open.allscripts.com/fhirroute/fhir/10028423,Provider,Direct
David M Godat Md,https://fhir.fhirpoint.open.allscripts.com/fhirroute/fhir/76200,Provider,Direct
David Moskowitz MD  F.A.C.O.G,https://fhir.fhirpoint.open.allscripts.com/fhirroute/fhir/71786,Provider,Direct
David R Buyer MD SC,https://fhir.fhirpoint.open.allscripts.com/fhirroute/fhir/73176B,Provider,Direct
David W Calton MD PC,https://fhir.fhirpoint.open.allscripts.com/fhirroute/fhir/10034313,Provider,Direct
Davidson Pediatric Partners PLLC,https://fhir.fhirpoint.open.allscripts.com/fhirroute/fhir/10065978,Provider,Direct
Davoodi Family Medicine,https://fhir.fhirpoint.open.allscripts.com/fhirroute/fhir/69286,Provider,Direct
DBWC LLC dba Daytona Beach WomenS Center,https://fhir.fhirpoint.open.allscripts.com/fhirroute/fhir/58339,Provider,Direct
Dean Har Md,https://fhir.fhirpoint.open.allscripts.com/fhirroute/fhir/76813,Provider,Direct
Dearborn ObGyn AssocPC,https://fhir.fhirpoint.open.allscripts.com/fhirroute/fhir/10052495,Provider,Direct
Decatur Neurological Associate,https://fhir.fhirpoint.open.allscripts.com/fhirroute/fhir/75869,Provider,Direct
Decatur Orthopedic Center,https://fhir.fhirpoint.open.allscripts.com/fhirroute/fhir/10121736,Provider,Direct
Deerwood Family Practice Pllc,https://fhir.fhirpoint.open.allscripts.com/fhirroute/fhir/71747,Provider,Direct
Delaware Family Care,https://fhir.fhirpoint.open.allscripts.com/fhirroute/fhir/55841,Provider,Direct
Delaware Modern Pediatrics,https://fhir.fhirpoint.open.allscripts.com/fhirroute/fhir/10033833,Provider,Direct
Delaware Otolaryngology Consultants LLC,https://fhir.fhirpoint.open.allscripts.com/fhirroute/fhir/59416,Provider,Direct
Delmar Family Medicine,https://fhir.fhirpoint.open.allscripts.com/fhirroute/fhir/10028551,Provider,Direct
Delmed Health LLC,https://fhir.fhirpoint.open.allscripts.com/fhirroute/fhir/10033633,Provider,Direct
Delta Clinics PLC dba Heart And Vascular,https://fhir.fhirpoint.open.allscripts.com/fhirroute/fhir/59560,Provider,Direct
Delta Health Cancer Center,https://fhir.fhirpoint.open.allscripts.com/fhirroute/fhir/10594841,Provider,Direct
Delta Obstetrics Gynecology,https://fhir.fhirpoint.open.allscripts.com/fhirroute/fhir/10037202,Provider,Direct
Delta Pediatrics,https://fhir.fhirpoint.open.allscripts.com/fhirroute/fhir/70036KV,Provider,Direct
Denver Endo  Diabetes &Thyroid,https://fhir.fhirpoint.open.allscripts.com/fhirroute/fhir/10046108,Provider,Direct
Denver West Pediatrics,https://fhir.fhirpoint.open.allscripts.com/fhirroute/fhir/0008546,Provider,Direct
Dermatology Associates,https://fhir.fhirpoint.open.allscripts.com/fhirroute/fhir/10035800,Provider,Direct
Dermatology Center of Williamsburg,https://fhir.fhirpoint.open.allscripts.com/fhirroute/fhir/74684,Provider,Direct
Dermatology of North Alabama,https://fhir.fhirpoint.open.allscripts.com/fhirroute/fhir/74439,Provider,Direct
Dermatology Specialists of Omaha,https://fhir.fhirpoint.open.allscripts.com/fhirroute/fhir/10042673,Provider,Direct
Derry Medical Center,https://fhir.fhirpoint.open.allscripts.com/fhirroute/fhir/10030761,Provider,Direct
Desai Medical Center,https://fhir.fhirpoint.open.allscripts.com/fhirroute/fhir/10044398,Provider,Direct
Desert Sleep Disorders Center,https://fhir.fhirpoint.open.allscripts.com/fhirroute/fhir/70372B,Provider,Direct
Desert Surgical Associates,https://fhir.fhirpoint.open.allscripts.com/fhirroute/fhir/10119772,Provider,Direct
Dicorleto Md Peter,https://fhir.fhirpoint.open.allscripts.com/fhirroute/fhir/55883,Provider,Direct
Digestive And Liver Clinic,https://fhir.fhirpoint.open.allscripts.com/fhirroute/fhir/74093,Provider,Direct
Digestive Disease Assoc,https://fhir.fhirpoint.open.allscripts.com/fhirroute/fhir/10030934,Provider,Direct
Digestive Disease Specialists,https://fhir.fhirpoint.open.allscripts.com/fhirroute/fhir/10062222,Provider,Direct
Digestive Health Assoc,https://fhir.fhirpoint.open.allscripts.com/fhirroute/fhir/10034640,Provider,Direct
Digestive Medicine Associates,https://fhir.fhirpoint.open.allscripts.com/fhirroute/fhir/0004572,Provider,Direct
Dillon Internal Medicine,https://fhir.fhirpoint.open.allscripts.com/fhirroute/fhir/0900120,Provider,Direct
Discovery Pediatrics Inc,https://fhir.fhirpoint.open.allscripts.com/fhirroute/fhir/59370,Provider,Direct
Docere Physicians,https://fhir.fhirpoint.open.allscripts.com/fhirroute/fhir/57526,Provider,Direct
Doctors Office Inc,https://fhir.fhirpoint.open.allscripts.com/fhirroute/fhir/75797,Provider,Direct
Domed Llc,https://fhir.fhirpoint.open.allscripts.com/fhirroute/fhir/10025419,Provider,Direct
Dominion Family Healthcare,https://fhir.fhirpoint.open.allscripts.com/fhirroute/fhir/10035692,Provider,Direct
Dominion Medical Associates  Inc.,https://fhir.fhirpoint.open.allscripts.com/fhirroute/fhir/11698,Provider,Direct
Donald Levy Md,https://fhir.fhirpoint.open.allscripts.com/fhirroute/fhir/10981568,Provider,Direct
Donnie P Dunagan MD,https://fhir.fhirpoint.open.allscripts.com/fhirroute/fhir/900100,Provider,Direct
Dothan Pediatric Clinic,https://fhir.fhirpoint.open.allscripts.com/fhirroute/fhir/0005131,Provider,Direct
Dothan Specialty Clinic,https://fhir.fhirpoint.open.allscripts.com/fhirroute/fhir/10049494,Provider,Direct
Douglas C Walker,https://fhir.fhirpoint.open.allscripts.com/fhirroute/fhir/71192,Provider,Direct
Douglas Medical Specialists,https://fhir.fhirpoint.open.allscripts.com/fhirroute/fhir/57851,Provider,Direct
Dover Family Physicians,https://fhir.fhirpoint.open.allscripts.com/fhirroute/fhir/59067,Provider,Direct
Dowd  Md  James,https://fhir.fhirpoint.open.allscripts.com/fhirroute/fhir/10032127,Provider,Direct
Dr Albert Kim,https://fhir.fhirpoint.open.allscripts.com/fhirroute/fhir/61683,Provider,Direct
Dr Anthony Anfuso,https://fhir.fhirpoint.open.allscripts.com/fhirroute/fhir/10082932,Provider,Direct
Dr Anthony J Rizzo,https://fhir.fhirpoint.open.allscripts.com/fhirroute/fhir/70034,Provider,Direct
Dr Carlos Mayo,https://fhir.fhirpoint.open.allscripts.com/fhirroute/fhir/9323,Provider,Direct
Dr Charbel Moussallem,https://fhir.fhirpoint.open.allscripts.com/fhirroute/fhir/74544,Provider,Direct
Dr Charles M Mcclean DoPa,https://fhir.fhirpoint.open.allscripts.com/fhirroute/fhir/76309,Provider,Direct
Dr David Lopez,https://fhir.fhirpoint.open.allscripts.com/fhirroute/fhir/75262,Provider,Direct
Dr F Andrew Morfesis,https://fhir.fhirpoint.open.allscripts.com/fhirroute/fhir/10032429,Provider,Direct
Dr Ferrel L Endsley,https://fhir.fhirpoint.open.allscripts.com/fhirroute/fhir/75341,Provider,Direct
Dr Francis E Tacka Do,https://fhir.fhirpoint.open.allscripts.com/fhirroute/fhir/76075,Provider,Direct
Dr Gadam M Rao Md Pa,https://fhir.fhirpoint.open.allscripts.com/fhirroute/fhir/76186,Provider,Direct
Dr Glenn Chapman,https://fhir.fhirpoint.open.allscripts.com/fhirroute/fhir/10077805,Provider,Direct
Dr Gregory Cali Do,https://fhir.fhirpoint.open.allscripts.com/fhirroute/fhir/74310,Provider,Direct
Dr Haddad Medical LLC,https://fhir.fhirpoint.open.allscripts.com/fhirroute/fhir/10253809,Provider,Direct
Dr Harleen Kaur Family Prac,https://fhir.fhirpoint.open.allscripts.com/fhirroute/fhir/73026,Provider,Direct
Dr Ian Myers,https://fhir.fhirpoint.open.allscripts.com/fhirroute/fhir/10035900,Provider,Direct
Dr Jane Iris Farhi,https://fhir.fhirpoint.open.allscripts.com/fhirroute/fhir/77067,Provider,Direct
Dr Jeffrey Karr,https://fhir.fhirpoint.open.allscripts.com/fhirroute/fhir/10051088,Provider,Direct
Dr John Demicco,https://fhir.fhirpoint.open.allscripts.com/fhirroute/fhir/10022220,Provider,Direct
Dr Jonathan Pasko,https://fhir.fhirpoint.open.allscripts.com/fhirroute/fhir/10026469,Provider,Direct
Dr Joseph Lin,https://fhir.fhirpoint.open.allscripts.com/fhirroute/fhir/1700090,Provider,Direct
Dr Kenneth Martinez,https://fhir.fhirpoint.open.allscripts.com/fhirroute/fhir/68462,Provider,Direct
Dr Kevin T OConnor,https://fhir.fhirpoint.open.allscripts.com/fhirroute/fhir/10065912,Provider,Direct
Dr Laura Katz,https://fhir.fhirpoint.open.allscripts.com/fhirroute/fhir/10026476,Provider,Direct
Dr M Forghani S Corp,https://fhir.fhirpoint.open.allscripts.com/fhirroute/fhir/75189,Provider,Direct
Dr N Christine Le,https://fhir.fhirpoint.open.allscripts.com/fhirroute/fhir/073459,Provider,Direct
Dr Pravin Panchal,https://fhir.fhirpoint.open.allscripts.com/fhirroute/fhir/75696,Provider,Direct
Dr Sanjay Prasad,https://fhir.fhirpoint.open.allscripts.com/fhirroute/fhir/0008604,Provider,Direct
Dr Sharon Yuen,https://fhir.fhirpoint.open.allscripts.com/fhirroute/fhir/75314,Provider,Direct
Dr Stephanie Suber,https://fhir.fhirpoint.open.allscripts.com/fhirroute/fhir/10078791,Provider,Direct
Dr Teresita T. Barbadillo,https://fhir.fhirpoint.open.allscripts.com/fhirroute/fhir/72013,Provider,Direct
Dr Vince Ajanwachuku,https://fhir.fhirpoint.open.allscripts.com/fhirroute/fhir/73320,Provider,Direct
Dr. Darrin Scherer DO PC,https://fhir.fhirpoint.open.allscripts.com/fhirroute/fhir/1700207,Provider,Direct
Dr. Mehta MD.,https://fhir.fhirpoint.open.allscripts.com/fhirroute/fhir/10082908,Provider,Direct
Dr. Patrick Tamim MD,https://fhir.fhirpoint.open.allscripts.com/fhirroute/fhir/10077298,Provider,Direct
Dr. Rafael H. Villarosa  MD - Redlands Yucaipa Medical Group,https://fhir.fhirpoint.open.allscripts.com/fhirroute/fhir/73628,Provider,Direct
Dr. Robert Ching  Do,https://fhir.fhirpoint.open.allscripts.com/fhirroute/fhir/76713,Provider,Direct
Dr. Rudolph Vela,https://fhir.fhirpoint.open.allscripts.com/fhirroute/fhir/0008465,Provider,Direct
Dr. Susan Volpicella-Levy  DO,https://fhir.fhirpoint.open.allscripts.com/fhirroute/fhir/73402,Provider,Direct
Dr. Thomas P. von Unrug MD,https://fhir.fhirpoint.open.allscripts.com/fhirroute/fhir/10062715,Provider,Direct
DSM Sleep Specialist PLC,https://fhir.fhirpoint.open.allscripts.com/fhirroute/fhir/10196820,Provider,Direct
Dumrong Tangchitnob Md Inc,https://fhir.fhirpoint.open.allscripts.com/fhirroute/fhir/76189,Provider,Direct
Dupont Private Health,https://fhir.fhirpoint.open.allscripts.com/fhirroute/fhir/10481847,Provider,Direct
Ear Nose And Throat Assoc Of Frisco Pa,https://fhir.fhirpoint.open.allscripts.com/fhirroute/fhir/10027574,Provider,Direct
Ear Nose and Throat Associates,https://fhir.fhirpoint.open.allscripts.com/fhirroute/fhir/11260846,Provider,Direct
Ear Nose and Throat Plastic Surgery,https://fhir.fhirpoint.open.allscripts.com/fhirroute/fhir/73916P,Provider,Direct
Ear Nose and Throat Specs Of NW PA,https://fhir.fhirpoint.open.allscripts.com/fhirroute/fhir/0002109,Provider,Direct
Ear  Nose & Throat Specialist of Florida,https://fhir.fhirpoint.open.allscripts.com/fhirroute/fhir/10069211,Provider,Direct
Ear  Nose & Throat Specialist Of Tulsa,https://fhir.fhirpoint.open.allscripts.com/fhirroute/fhir/10027058,Provider,Direct
Ear  Nose & Throat Specs Of NW  PA,https://fhir.fhirpoint.open.allscripts.com/fhirroute/fhir/10012336,Provider,Direct
East Dallas Neurological Services,https://fhir.fhirpoint.open.allscripts.com/fhirroute/fhir/10062141,Provider,Direct
East Holmes Family Care,https://fhir.fhirpoint.open.allscripts.com/fhirroute/fhir/56545J,Provider,Direct
East Rockaway Neuropsychology PC,https://fhir.fhirpoint.open.allscripts.com/fhirroute/fhir/11514843,Provider,Direct
Eastern Carolina ENT,https://fhir.fhirpoint.open.allscripts.com/fhirroute/fhir/10042881,Provider,Direct
Eastern Carolina Medical Center,https://fhir.fhirpoint.open.allscripts.com/fhirroute/fhir/10052809,Provider,Direct
Eastern Carolina Pain Management Center,https://fhir.fhirpoint.open.allscripts.com/fhirroute/fhir/0901274,Provider,Direct
Eastern Iowa Gastroenterology,https://fhir.fhirpoint.open.allscripts.com/fhirroute/fhir/72250CF,Provider,Direct
Eastern PA Gastro & Liver Spec,https://fhir.fhirpoint.open.allscripts.com/fhirroute/fhir/10016701,Provider,Direct
Eastern Wake Internal Medicine,https://fhir.fhirpoint.open.allscripts.com/fhirroute/fhir/76880,Provider,Direct
Eastside Premier Medicine,https://fhir.fhirpoint.open.allscripts.com/fhirroute/fhir/57879,Provider,Direct
Eating Recovery Center,https://fhir.fhirpoint.open.allscripts.com/fhirroute/fhir/10005219,Provider,Direct
ECHN Medical Group,https://fhir.fhirpoint.open.allscripts.com/fhirroute/fhir/10028637,Provider,Direct
Eden Internal Medicine,https://fhir.fhirpoint.open.allscripts.com/fhirroute/fhir/56373,Provider,Direct
Edgar R DelaCruz MD Inc,https://fhir.fhirpoint.open.allscripts.com/fhirroute/fhir/56545P,Provider,Direct
Edina Sports + Family Medicine,https://fhir.fhirpoint.open.allscripts.com/fhirroute/fhir/10027656,Provider,Direct
Edward J. Bujold M.D. d/b/a Granite Falls Family Medical Center,https://fhir.fhirpoint.open.allscripts.com/fhirroute/fhir/0900979,Provider,Direct
Edwin Alexander Md,https://fhir.fhirpoint.open.allscripts.com/fhirroute/fhir/75675,Provider,Direct
Efrain Flores PediatricsSc,https://fhir.fhirpoint.open.allscripts.com/fhirroute/fhir/75977,Provider,Direct
Ehab Sargious Md Inc,https://fhir.fhirpoint.open.allscripts.com/fhirroute/fhir/76627,Provider,Direct
eHealth Consulting,https://fhir.fhirpoint.open.allscripts.com/fhirroute/fhir/10226803,Provider,Direct
El Paso Neurological Institute PA,https://fhir.fhirpoint.open.allscripts.com/fhirroute/fhir/10039250,Provider,Direct
El Paso Wellness And Healthcare,https://fhir.fhirpoint.open.allscripts.com/fhirroute/fhir/10037090,Provider,Direct
Elise M Brett  MD PC,https://fhir.fhirpoint.open.allscripts.com/fhirroute/fhir/10036569,Provider,Direct
Elite Spine and Orthopedics,https://fhir.fhirpoint.open.allscripts.com/fhirroute/fhir/0011278,Provider,Direct
Elite Womens Care,https://fhir.fhirpoint.open.allscripts.com/fhirroute/fhir/77689,Provider,Direct
Elizabeth Family Health,https://fhir.fhirpoint.open.allscripts.com/fhirroute/fhir/0003137,Provider,Direct
Elizabeth Family Practice,https://fhir.fhirpoint.open.allscripts.com/fhirroute/fhir/10022012,Provider,Direct
Elkin Pediatric And Adult Medicine,https://fhir.fhirpoint.open.allscripts.com/fhirroute/fhir/55827,Provider,Direct
Ellis Pain Center,https://fhir.fhirpoint.open.allscripts.com/fhirroute/fhir/68522,Provider,Direct
Emcura Medical,https://fhir.fhirpoint.open.allscripts.com/fhirroute/fhir/10062402,Provider,Direct
Emerald Medical Center,https://fhir.fhirpoint.open.allscripts.com/fhirroute/fhir/76861,Provider,Direct
Emilio Del Priore Md Pc,https://fhir.fhirpoint.open.allscripts.com/fhirroute/fhir/77701,Provider,Direct
Emmanuel R Reyes Md,https://fhir.fhirpoint.open.allscripts.com/fhirroute/fhir/74597,Provider,Direct
Endocrine & Metabolic Disorders Center PC,https://fhir.fhirpoint.open.allscripts.com/fhirroute/fhir/10088479,Provider,Direct
EndoMed Clinic SC,https://fhir.fhirpoint.open.allscripts.com/fhirroute/fhir/10086544,Provider,Direct
ENT Associates,https://fhir.fhirpoint.open.allscripts.com/fhirroute/fhir/72700,Provider,Direct
ENT Centers of Excellence,https://fhir.fhirpoint.open.allscripts.com/fhirroute/fhir/10211805,Provider,Direct
ENT Consultants & Hearing Svcs,https://fhir.fhirpoint.open.allscripts.com/fhirroute/fhir/10023673,Provider,Direct
ENT Head & Neck Surgery PC,https://fhir.fhirpoint.open.allscripts.com/fhirroute/fhir/0011607,Provider,Direct
ENT Specialist  PC,https://fhir.fhirpoint.open.allscripts.com/fhirroute/fhir/10022399,Provider,Direct
ENT Surgical Consultants Ltd,https://fhir.fhirpoint.open.allscripts.com/fhirroute/fhir/0002371,Provider,Direct
EPIC Health System,https://fhir.fhirpoint.open.allscripts.com/fhirroute/fhir/10031494,Provider,Direct
Eric Carlson M D,https://fhir.fhirpoint.open.allscripts.com/fhirroute/fhir/8079,Provider,Direct
Ermias Tilahun MD SC,https://fhir.fhirpoint.open.allscripts.com/fhirroute/fhir/74064,Provider,Direct
Estelita B Calica Md,https://fhir.fhirpoint.open.allscripts.com/fhirroute/fhir/77672,Provider,Direct
Everyones Ent & Sinus Center,https://fhir.fhirpoint.open.allscripts.com/fhirroute/fhir/76963,Provider,Direct
Exigence Management Company - EPN,https://fhir.fhirpoint.open.allscripts.com/fhirroute/fhir/10051811,Provider,Direct
F G Powderly Md,https://fhir.fhirpoint.open.allscripts.com/fhirroute/fhir/10059109,Provider,Direct
F. GEOFFERY CONNER  MD  PC,https://fhir.fhirpoint.open.allscripts.com/fhirroute/fhir/0003876,Provider,Direct
F. GEOFFERY CONNER  MD  PC,https://fhir.fhirpoint.open.allscripts.com/fhirroute/fhir/10024914,Provider,Direct
Face and Skin LLC,https://fhir.fhirpoint.open.allscripts.com/fhirroute/fhir/75239,Provider,Direct
Fair Hill Family Medicine,https://fhir.fhirpoint.open.allscripts.com/fhirroute/fhir/10045640,Provider,Direct
Faith Medical Center,https://fhir.fhirpoint.open.allscripts.com/fhirroute/fhir/10030760,Provider,Direct
Fall General Surgery,https://fhir.fhirpoint.open.allscripts.com/fhirroute/fhir/10042050,Provider,Direct
Fallbrook Family Health Care,https://fhir.fhirpoint.open.allscripts.com/fhirroute/fhir/10235808,Provider,Direct
Family Care Black Mountain/Old Fort,https://fhir.fhirpoint.open.allscripts.com/fhirroute/fhir/56859,Provider,Direct
Family Care of Fairview  PA,https://fhir.fhirpoint.open.allscripts.com/fhirroute/fhir/0008445,Provider,Direct
Family First Of Jacksonville,https://fhir.fhirpoint.open.allscripts.com/fhirroute/fhir/76544,Provider,Direct
Family First Swiftcare Llc,https://fhir.fhirpoint.open.allscripts.com/fhirroute/fhir/70572,Provider,Direct
Family Health Care of Northwest Ohio Inc,https://fhir.fhirpoint.open.allscripts.com/fhirroute/fhir/10007750,Provider,Direct
Family Health Care of Siouxland,https://fhir.fhirpoint.open.allscripts.com/fhirroute/fhir/10034504,Provider,Direct
Family Health Clinic,https://fhir.fhirpoint.open.allscripts.com/fhirroute/fhir/58061,Provider,Direct
Family Health Clinic Inc,https://fhir.fhirpoint.open.allscripts.com/fhirroute/fhir/1068,Provider,Direct
Family Medcenters PA,https://fhir.fhirpoint.open.allscripts.com/fhirroute/fhir/57689,Provider,Direct
Family Medical Associates of Raleigh,https://fhir.fhirpoint.open.allscripts.com/fhirroute/fhir/10403874,Provider,Direct
Family Medical Care Associates PLLC,https://fhir.fhirpoint.open.allscripts.com/fhirroute/fhir/10034084,Provider,Direct
Family Medical Care Of St. Augustine,https://fhir.fhirpoint.open.allscripts.com/fhirroute/fhir/78045,Provider,Direct
Family Medical Center,https://fhir.fhirpoint.open.allscripts.com/fhirroute/fhir/57966,Provider,Direct
Family Medical Group Of Texarkana,https://fhir.fhirpoint.open.allscripts.com/fhirroute/fhir/57665,Provider,Direct
Family Medical Specialists of Florida,https://fhir.fhirpoint.open.allscripts.com/fhirroute/fhir/59548,Provider,Direct
Family Medical Specialties,https://fhir.fhirpoint.open.allscripts.com/fhirroute/fhir/10034274,Provider,Direct
Family Medicine Associates,https://fhir.fhirpoint.open.allscripts.com/fhirroute/fhir/0006794,Provider,Direct
Family Medicine Clinic,https://fhir.fhirpoint.open.allscripts.com/fhirroute/fhir/10049447,Provider,Direct
Family Medicine Health Care Pllc,https://fhir.fhirpoint.open.allscripts.com/fhirroute/fhir/73278,Provider,Direct
Family Medicine Of Edenton,https://fhir.fhirpoint.open.allscripts.com/fhirroute/fhir/10031335,Provider,Direct
Family Medicine Rehabilitation Center,https://fhir.fhirpoint.open.allscripts.com/fhirroute/fhir/10063668,Provider,Direct
Family Medicine Solutions,https://fhir.fhirpoint.open.allscripts.com/fhirroute/fhir/71605,Provider,Direct
Family MedSurg Clinic,https://fhir.fhirpoint.open.allscripts.com/fhirroute/fhir/70036NG,Provider,Direct
Family Physicians Group  PC,https://fhir.fhirpoint.open.allscripts.com/fhirroute/fhir/72827,Provider,Direct
Family Physicians of Evans,https://fhir.fhirpoint.open.allscripts.com/fhirroute/fhir/10037502,Provider,Direct
Family Practice Assoc,https://fhir.fhirpoint.open.allscripts.com/fhirroute/fhir/10056927,Provider,Direct
Family Practice Associates,https://fhir.fhirpoint.open.allscripts.com/fhirroute/fhir/57963,Provider,Direct
Family Practice Associates of Lexington,https://fhir.fhirpoint.open.allscripts.com/fhirroute/fhir/10035957,Provider,Direct
Fanny Gonzalez Md Pa,https://fhir.fhirpoint.open.allscripts.com/fhirroute/fhir/72416,Provider,Direct
Fauquier Family Practice,https://fhir.fhirpoint.open.allscripts.com/fhirroute/fhir/56467,Provider,Direct
Fayette Surgical Associates,https://fhir.fhirpoint.open.allscripts.com/fhirroute/fhir/10038347,Provider,Direct
Fayetteville Medical Associates  P.C.,https://fhir.fhirpoint.open.allscripts.com/fhirroute/fhir/10027906,Provider,Direct
Fayetteville Otolaryngology,https://fhir.fhirpoint.open.allscripts.com/fhirroute/fhir/10033564,Provider,Direct
Fayetteville Pulmonology,https://fhir.fhirpoint.open.allscripts.com/fhirroute/fhir/0901763,Provider,Direct
FCMH Medical And Surgical Associates,https://fhir.fhirpoint.open.allscripts.com/fhirroute/fhir/0000699,Provider,Direct
Fem Care Health Associates  PC,https://fhir.fhirpoint.open.allscripts.com/fhirroute/fhir/10045823,Provider,Direct
Ferraz MD Ricardo J P,https://fhir.fhirpoint.open.allscripts.com/fhirroute/fhir/57837,Provider,Direct
First Care PC,https://fhir.fhirpoint.open.allscripts.com/fhirroute/fhir/73563,Provider,Direct
First Coast Heart and Vascular Center PA,https://fhir.fhirpoint.open.allscripts.com/fhirroute/fhir/10062345,Provider,Direct
Floral Park Arthritis Pc,https://fhir.fhirpoint.open.allscripts.com/fhirroute/fhir/76594,Provider,Direct
Florante Melchor Md,https://fhir.fhirpoint.open.allscripts.com/fhirroute/fhir/10981459,Provider,Direct
Florida Neurosurgical Associates,https://fhir.fhirpoint.open.allscripts.com/fhirroute/fhir/10021331,Provider,Direct
Florida Otolaryngology Group,https://fhir.fhirpoint.open.allscripts.com/fhirroute/fhir/10006617,Provider,Direct
Florida Physicians Specialist  LLC.,https://fhir.fhirpoint.open.allscripts.com/fhirroute/fhir/10613856,Provider,Direct
Florida Sports Injury and Ortho Inst,https://fhir.fhirpoint.open.allscripts.com/fhirroute/fhir/11527841,Provider,Direct
FloridaSportsOrthopaedicSpineMedicine,https://fhir.fhirpoint.open.allscripts.com/fhirroute/fhir/11720,Provider,Direct
Foot And Ankle Institute,https://fhir.fhirpoint.open.allscripts.com/fhirroute/fhir/73931,Provider,Direct
Foot Ankle Specialists Of Virginia,https://fhir.fhirpoint.open.allscripts.com/fhirroute/fhir/10065611,Provider,Direct
Foothill Surgical Specialists,https://fhir.fhirpoint.open.allscripts.com/fhirroute/fhir/77159,Provider,Direct
Foothills Family Medicine Of Westminster,https://fhir.fhirpoint.open.allscripts.com/fhirroute/fhir/76877,Provider,Direct
Foothills Pain Management Clinic PC,https://fhir.fhirpoint.open.allscripts.com/fhirroute/fhir/75660,Provider,Direct
Foothills Podiatry PA,https://fhir.fhirpoint.open.allscripts.com/fhirroute/fhir/0010710,Provider,Direct
Forefront Management LLC,https://fhir.fhirpoint.open.allscripts.com/fhirroute/fhir/56246,Provider,Direct
Fort Myers Pediatrics,https://fhir.fhirpoint.open.allscripts.com/fhirroute/fhir/71963,Provider,Direct
Fort Worth ENT,https://fhir.fhirpoint.open.allscripts.com/fhirroute/fhir/69571,Provider,Direct
Forum Medical Center,https://fhir.fhirpoint.open.allscripts.com/fhirroute/fhir/76187,Provider,Direct
France Avenue Family Physicians,https://fhir.fhirpoint.open.allscripts.com/fhirroute/fhir/10018695,Provider,Direct
France Medical Center,https://fhir.fhirpoint.open.allscripts.com/fhirroute/fhir/10052202,Provider,Direct
Francisco Gil Professional Medical Corporation,https://fhir.fhirpoint.open.allscripts.com/fhirroute/fhir/76648,Provider,Direct
Francisco Lossio MD PC,https://fhir.fhirpoint.open.allscripts.com/fhirroute/fhir/63496,Provider,Direct
Franklin Medical Center,https://fhir.fhirpoint.open.allscripts.com/fhirroute/fhir/75374,Provider,Direct
Frederick Boghossian MD,https://fhir.fhirpoint.open.allscripts.com/fhirroute/fhir/71764,Provider,Direct
Frederick Community Action,https://fhir.fhirpoint.open.allscripts.com/fhirroute/fhir/1700050,Provider,Direct
Frederick Dermatology Assoc.,https://fhir.fhirpoint.open.allscripts.com/fhirroute/fhir/10056947,Provider,Direct
Frischer Medical Group,https://fhir.fhirpoint.open.allscripts.com/fhirroute/fhir/10009633,Provider,Direct
Front Range Otolaryngology & Fpc,https://fhir.fhirpoint.open.allscripts.com/fhirroute/fhir/10031876,Provider,Direct
Front Range Surgical Services,https://fhir.fhirpoint.open.allscripts.com/fhirroute/fhir/74003,Provider,Direct
G and G Healthcare,https://fhir.fhirpoint.open.allscripts.com/fhirroute/fhir/77192,Provider,Direct
G and T Orthopaedics and Sports Med,https://fhir.fhirpoint.open.allscripts.com/fhirroute/fhir/10043149,Provider,Direct
Garcia and Associates OBGYN  LLC,https://fhir.fhirpoint.open.allscripts.com/fhirroute/fhir/10242888,Provider,Direct
Garner Internal Medicine,https://fhir.fhirpoint.open.allscripts.com/fhirroute/fhir/10035974,Provider,Direct
Gary Weinstock Md,https://fhir.fhirpoint.open.allscripts.com/fhirroute/fhir/77319,Provider,Direct
Gastro Group Of The Palm Beaches Llp,https://fhir.fhirpoint.open.allscripts.com/fhirroute/fhir/0004948,Provider,Direct
GASTROENTEROLOGY & HEPATOLOGY CONSULTANTS,https://fhir.fhirpoint.open.allscripts.com/fhirroute/fhir/70581,Provider,Direct
Gastroenterology Associates of Fredericksburg,https://fhir.fhirpoint.open.allscripts.com/fhirroute/fhir/10056213,Provider,Direct
Gastroenterology Associates Of Gainesville  P.C.,https://fhir.fhirpoint.open.allscripts.com/fhirroute/fhir/10038297,Provider,Direct
Gastroenterology Associates PC,https://fhir.fhirpoint.open.allscripts.com/fhirroute/fhir/000101,Provider,Direct
Gastroenterology Associates PC,https://fhir.fhirpoint.open.allscripts.com/fhirroute/fhir/10016395,Provider,Direct
Gastroenterology Consultants PA,https://fhir.fhirpoint.open.allscripts.com/fhirroute/fhir/0010753,Provider,Direct
Gastroenterology Consultants PC,https://fhir.fhirpoint.open.allscripts.com/fhirroute/fhir/10007539,Provider,Direct
Gastroenterology Group Naples,https://fhir.fhirpoint.open.allscripts.com/fhirroute/fhir/1501030,Provider,Direct
Gastroenterology Institute,https://fhir.fhirpoint.open.allscripts.com/fhirroute/fhir/71194,Provider,Direct
Gastroenterology Institute,https://fhir.fhirpoint.open.allscripts.com/fhirroute/fhir/0009058,Provider,Direct
Gastroenterology Specialists Of Gwinnett  Pc,https://fhir.fhirpoint.open.allscripts.com/fhirroute/fhir/10022398,Provider,Direct
Gastrointestinal Specialists,https://fhir.fhirpoint.open.allscripts.com/fhirroute/fhir/10051029,Provider,Direct
Gastrointestinal Specialists  Inc.,https://fhir.fhirpoint.open.allscripts.com/fhirroute/fhir/10033042,Provider,Direct
General and Vascular Surgery Associates,https://fhir.fhirpoint.open.allscripts.com/fhirroute/fhir/10078561,Provider,Direct
General Surgeons Of Western Colorado,https://fhir.fhirpoint.open.allscripts.com/fhirroute/fhir/75847,Provider,Direct
General Surgery Medical Group Of Ventura,https://fhir.fhirpoint.open.allscripts.com/fhirroute/fhir/75168,Provider,Direct
General Surgery Physicians Pc,https://fhir.fhirpoint.open.allscripts.com/fhirroute/fhir/10039627,Provider,Direct
Genesee Family Care,https://fhir.fhirpoint.open.allscripts.com/fhirroute/fhir/72888,Provider,Direct
Georgia Internal Medicine,https://fhir.fhirpoint.open.allscripts.com/fhirroute/fhir/74180,Provider,Direct
Georgia Kidney Assoc,https://fhir.fhirpoint.open.allscripts.com/fhirroute/fhir/10011987,Provider,Direct
Georgia Kidz Pediatrics,https://fhir.fhirpoint.open.allscripts.com/fhirroute/fhir/11442,Provider,Direct
Georgia Pain Institute,https://fhir.fhirpoint.open.allscripts.com/fhirroute/fhir/10010542,Provider,Direct
Ghassan Fanous  MD,https://fhir.fhirpoint.open.allscripts.com/fhirroute/fhir/69325B,Provider,Direct
GI Medical Specialists PLLC,https://fhir.fhirpoint.open.allscripts.com/fhirroute/fhir/10085242,Provider,Direct
Glen Raven Medical,https://fhir.fhirpoint.open.allscripts.com/fhirroute/fhir/11306842,Provider,Direct
Goldman Vein Institute,https://fhir.fhirpoint.open.allscripts.com/fhirroute/fhir/73504,Provider,Direct
Grand Island Clinic  Inc.,https://fhir.fhirpoint.open.allscripts.com/fhirroute/fhir/10033210,Provider,Direct
Grand Strand Pediatrics,https://fhir.fhirpoint.open.allscripts.com/fhirroute/fhir/10037421,Provider,Direct
Grand Valley Medical Specialists  PLC,https://fhir.fhirpoint.open.allscripts.com/fhirroute/fhir/10029746,Provider,Direct
Grandview Medical Management,https://fhir.fhirpoint.open.allscripts.com/fhirroute/fhir/0005526,Provider,Direct
Granite State GI,https://fhir.fhirpoint.open.allscripts.com/fhirroute/fhir/56919,Provider,Direct
Grant Wellness Clinic LLC,https://fhir.fhirpoint.open.allscripts.com/fhirroute/fhir/10555843,Provider,Direct
Grants Pass Clinic,https://fhir.fhirpoint.open.allscripts.com/fhirroute/fhir/10980922,Provider,Direct
Granville Health Systems,https://fhir.fhirpoint.open.allscripts.com/fhirroute/fhir/10012582,Provider,Direct
Gratiot Isabella Nephrology,https://fhir.fhirpoint.open.allscripts.com/fhirroute/fhir/11757,Provider,Direct
Great Lakes Pediatric Assoc,https://fhir.fhirpoint.open.allscripts.com/fhirroute/fhir/57729,Provider,Direct
Great Lakes Physicians Services,https://fhir.fhirpoint.open.allscripts.com/fhirroute/fhir/77931,Provider,Direct
Great Valley Medical Assoc,https://fhir.fhirpoint.open.allscripts.com/fhirroute/fhir/73451,Provider,Direct
Greater Boston Gastroenterology Pc,https://fhir.fhirpoint.open.allscripts.com/fhirroute/fhir/56521,Provider,Direct
Greater Houston Neurosurgery Center,https://fhir.fhirpoint.open.allscripts.com/fhirroute/fhir/0005438,Provider,Direct
Greene County Health,https://fhir.fhirpoint.open.allscripts.com/fhirroute/fhir/10186786,Provider,Direct
Greenville Family Doctors,https://fhir.fhirpoint.open.allscripts.com/fhirroute/fhir/10015441,Provider,Direct
Greenwich Cardiology Associates,https://fhir.fhirpoint.open.allscripts.com/fhirroute/fhir/10032241,Provider,Direct
Greenwood Ear  Nose  and Throat,https://fhir.fhirpoint.open.allscripts.com/fhirroute/fhir/10015427,Provider,Direct
Griego Family Medical Center,https://fhir.fhirpoint.open.allscripts.com/fhirroute/fhir/57534,Provider,Direct
Gulf Coast Brain And Spine Institute,https://fhir.fhirpoint.open.allscripts.com/fhirroute/fhir/76869,Provider,Direct
Gulf Coast Physician Partners,https://fhir.fhirpoint.open.allscripts.com/fhirroute/fhir/10029231,Provider,Direct
Gwinnett Urgent Care,https://fhir.fhirpoint.open.allscripts.com/fhirroute/fhir/10050012,Provider,Direct
Gyn Fertility Specialists,https://fhir.fhirpoint.open.allscripts.com/fhirroute/fhir/58015,Provider,Direct
H Herbert Washington Md Pc,https://fhir.fhirpoint.open.allscripts.com/fhirroute/fhir/74952,Provider,Direct
H L Yoon Mdpc,https://fhir.fhirpoint.open.allscripts.com/fhirroute/fhir/74094,Provider,Direct
Habersham Podiatry,https://fhir.fhirpoint.open.allscripts.com/fhirroute/fhir/73489,Provider,Direct
Hackley Community Care Center,https://fhir.fhirpoint.open.allscripts.com/fhirroute/fhir/10031743,Provider,Direct
Hagos Tekeste Md,https://fhir.fhirpoint.open.allscripts.com/fhirroute/fhir/75090,Provider,Direct
Haller  Hug  Popp  PC,https://fhir.fhirpoint.open.allscripts.com/fhirroute/fhir/56208,Provider,Direct
Hancock County Health Department,https://fhir.fhirpoint.open.allscripts.com/fhirroute/fhir/1005981,Provider,Direct
Hand Surgery Associates SC,https://fhir.fhirpoint.open.allscripts.com/fhirroute/fhir/0004274,Provider,Direct
Hannibal Regional Healthcare System  Inc.,https://fhir.fhirpoint.open.allscripts.com/fhirroute/fhir/10040602,Provider,Direct
Harbor Hall  Inc.,https://fhir.fhirpoint.open.allscripts.com/fhirroute/fhir/11208846,Provider,Direct
Harne Song & Woo Md Pa,https://fhir.fhirpoint.open.allscripts.com/fhirroute/fhir/10055207,Provider,Direct
Harrisburg Medical Center,https://fhir.fhirpoint.open.allscripts.com/fhirroute/fhir/10030406,Provider,Direct
Harrisonburg Pediatrics,https://fhir.fhirpoint.open.allscripts.com/fhirroute/fhir/72649,Provider,Direct
Harry M. Coletta II  MD  PLLC,https://fhir.fhirpoint.open.allscripts.com/fhirroute/fhir/900752,Provider,Direct
Hartford Fire Insurance Company,https://fhir.fhirpoint.open.allscripts.com/fhirroute/fhir/10088795,Provider,Direct
Hartford Neurology Llc,https://fhir.fhirpoint.open.allscripts.com/fhirroute/fhir/62342,Provider,Direct
Havasu Rainbow Pediatrics PC,https://fhir.fhirpoint.open.allscripts.com/fhirroute/fhir/1700091,Provider,Direct
Hazlett Family Healthcare,https://fhir.fhirpoint.open.allscripts.com/fhirroute/fhir/74618,Provider,Direct
Head and Neck Surgery Of Kansas City,https://fhir.fhirpoint.open.allscripts.com/fhirroute/fhir/75676,Provider,Direct
Healthcare for the Homeless,https://fhir.fhirpoint.open.allscripts.com/fhirroute/fhir/70195,Provider,Direct
HealthPark Pediatrics,https://fhir.fhirpoint.open.allscripts.com/fhirroute/fhir/10287805,Provider,Direct
Healthwise Medical Clinic,https://fhir.fhirpoint.open.allscripts.com/fhirroute/fhir/10033432,Provider,Direct
Healthy  Urgent Care,https://fhir.fhirpoint.open.allscripts.com/fhirroute/fhir/69147,Provider,Direct
Healthy Futures Inc,https://fhir.fhirpoint.open.allscripts.com/fhirroute/fhir/70591,Provider,Direct
Healthy Kids Express,https://fhir.fhirpoint.open.allscripts.com/fhirroute/fhir/10001320,Provider,Direct
Heart and Vascular Center of Lake County,https://fhir.fhirpoint.open.allscripts.com/fhirroute/fhir/10043119,Provider,Direct
Heart of Ohio Inc,https://fhir.fhirpoint.open.allscripts.com/fhirroute/fhir/73467,Provider,Direct
Hemostasis and Thrombosis Center of NV,https://fhir.fhirpoint.open.allscripts.com/fhirroute/fhir/10129066,Provider,Direct
Henrietta Johnson Medical Center,https://fhir.fhirpoint.open.allscripts.com/fhirroute/fhir/10042384,Provider,Direct
Heritage Medical Associates,https://fhir.fhirpoint.open.allscripts.com/fhirroute/fhir/10012475,Provider,Direct
Heritage Urgent and Primary Care,https://fhir.fhirpoint.open.allscripts.com/fhirroute/fhir/10074843,Provider,Direct
Hewitt Davis and Lyons,https://fhir.fhirpoint.open.allscripts.com/fhirroute/fhir/0004513,Provider,Direct
HH Health System - Marshall LLC dba Orthopaedic Associates of Marshall County,https://fhir.fhirpoint.open.allscripts.com/fhirroute/fhir/10069070,Provider,Direct
Hickory Adult Medicine Kidney Specialist,https://fhir.fhirpoint.open.allscripts.com/fhirroute/fhir/57880,Provider,Direct
High Desert Dermatology,https://fhir.fhirpoint.open.allscripts.com/fhirroute/fhir/10068573,Provider,Direct
High Desert Neurology Diagnostic,https://fhir.fhirpoint.open.allscripts.com/fhirroute/fhir/10022826,Provider,Direct
Hillcrest Medical Management,https://fhir.fhirpoint.open.allscripts.com/fhirroute/fhir/10042787,Provider,Direct
Hilton Head Health And Wellness,https://fhir.fhirpoint.open.allscripts.com/fhirroute/fhir/55813,Provider,Direct
Hoag  Newport Laparoscopy,https://fhir.fhirpoint.open.allscripts.com/fhirroute/fhir/61904,Provider,Direct
Hoag Christine Leehealey Md,https://fhir.fhirpoint.open.allscripts.com/fhirroute/fhir/61165,Provider,Direct
Hoag Dr Robert Pettis,https://fhir.fhirpoint.open.allscripts.com/fhirroute/fhir/60717,Provider,Direct
Hoag Head Neck Medical,https://fhir.fhirpoint.open.allscripts.com/fhirroute/fhir/68457,Provider,Direct
HOAG Paul Rosenbuilt,https://fhir.fhirpoint.open.allscripts.com/fhirroute/fhir/69187,Provider,Direct
Hodges Family Practice Inc,https://fhir.fhirpoint.open.allscripts.com/fhirroute/fhir/10026750,Provider,Direct
Holmes Family Medicine,https://fhir.fhirpoint.open.allscripts.com/fhirroute/fhir/10175745,Provider,Direct
Hope Medicoes Urgent Care,https://fhir.fhirpoint.open.allscripts.com/fhirroute/fhir/10019129,Provider,Direct
Horizon Surgical Specialist,https://fhir.fhirpoint.open.allscripts.com/fhirroute/fhir/75089,Provider,Direct
Hornaday Costel Bryant,https://fhir.fhirpoint.open.allscripts.com/fhirroute/fhir/72452,Provider,Direct
Housecall Providers Services  LLC,https://fhir.fhirpoint.open.allscripts.com/fhirroute/fhir/10007593,Provider,Direct
Houston Interventional Cardiology PA,https://fhir.fhirpoint.open.allscripts.com/fhirroute/fhir/0008338,Provider,Direct
Howell Family Care Pllc,https://fhir.fhirpoint.open.allscripts.com/fhirroute/fhir/75689,Provider,Direct
Hudson Medical  Mental Hlth,https://fhir.fhirpoint.open.allscripts.com/fhirroute/fhir/72075,Provider,Direct
Human Longevity  Inc.,https://fhir.fhirpoint.open.allscripts.com/fhirroute/fhir/10534842,Provider,Direct
Humberto A Galleno Md Inc,https://fhir.fhirpoint.open.allscripts.com/fhirroute/fhir/75554,Provider,Direct
Huntingdon Gastroenterology Assoc,https://fhir.fhirpoint.open.allscripts.com/fhirroute/fhir/0300592,Provider,Direct
Huron Family Medicine,https://fhir.fhirpoint.open.allscripts.com/fhirroute/fhir/74558,Provider,Direct
Idaho Kidney Institute LLP,https://fhir.fhirpoint.open.allscripts.com/fhirroute/fhir/10122739,Provider,Direct
Idaho Pain Clinic PLLC,https://fhir.fhirpoint.open.allscripts.com/fhirroute/fhir/73383,Provider,Direct
Ihsan O Safi Md,https://fhir.fhirpoint.open.allscripts.com/fhirroute/fhir/75247,Provider,Direct
Immediate Care Of The South,https://fhir.fhirpoint.open.allscripts.com/fhirroute/fhir/72578,Provider,Direct
Imperial Beach Community Clinic  ,https://fhir.fhirpoint.open.allscripts.com/fhirroute/fhir/10012052,Provider,Direct
Imperial Primary Care Medical Group,https://fhir.fhirpoint.open.allscripts.com/fhirroute/fhir/10008746,Provider,Direct
Independence Surgical Clinic,https://fhir.fhirpoint.open.allscripts.com/fhirroute/fhir/6816,Provider,Direct
Indiana Gastroenterology,https://fhir.fhirpoint.open.allscripts.com/fhirroute/fhir/10009491,Provider,Direct
Indianhead Medical Center,https://fhir.fhirpoint.open.allscripts.com/fhirroute/fhir/10076413,Provider,Direct
Indianola Family Medical Group,https://fhir.fhirpoint.open.allscripts.com/fhirroute/fhir/10051397,Provider,Direct
Infect Prevention  Treatment,https://fhir.fhirpoint.open.allscripts.com/fhirroute/fhir/73651,Provider,Direct
Infectious Disease Consultants,https://fhir.fhirpoint.open.allscripts.com/fhirroute/fhir/10086572,Provider,Direct
Ingham Nephrology  Hypertension PC,https://fhir.fhirpoint.open.allscripts.com/fhirroute/fhir/0007624,Provider,Direct
Inland Urgent Care,https://fhir.fhirpoint.open.allscripts.com/fhirroute/fhir/10046650,Provider,Direct
Innovare Health Advocates,https://fhir.fhirpoint.open.allscripts.com/fhirroute/fhir/10391847,Provider,Direct
Innovative Community Health,https://fhir.fhirpoint.open.allscripts.com/fhirroute/fhir/10246815,Provider,Direct
Innovative Vascular  PLLC,https://fhir.fhirpoint.open.allscripts.com/fhirroute/fhir/10997846,Provider,Direct
Inspire ENT and Pulmonology,https://fhir.fhirpoint.open.allscripts.com/fhirroute/fhir/0011571,Provider,Direct
Institute for Non Surgical Orthopedics,https://fhir.fhirpoint.open.allscripts.com/fhirroute/fhir/10038069,Provider,Direct
Integrated Medical Professionals  PLLC,https://fhir.fhirpoint.open.allscripts.com/fhirroute/fhir/57972,Provider,Direct
Integrated Pain Care Bedford,https://fhir.fhirpoint.open.allscripts.com/fhirroute/fhir/58305,Provider,Direct
Interboro Heart Associates,https://fhir.fhirpoint.open.allscripts.com/fhirroute/fhir/73865,Provider,Direct
Internal Medicine & Geriatrics  PLLC,https://fhir.fhirpoint.open.allscripts.com/fhirroute/fhir/77447,Provider,Direct
Internal Medicine & Pediatrics Wellness Center,https://fhir.fhirpoint.open.allscripts.com/fhirroute/fhir/10039271,Provider,Direct
Internal Medicine Assoc,https://fhir.fhirpoint.open.allscripts.com/fhirroute/fhir/0003144,Provider,Direct
Internal Medicine Assoc Of Gastonia Pa,https://fhir.fhirpoint.open.allscripts.com/fhirroute/fhir/8471,Provider,Direct
Internal Medicine Assoc Of South Dallas,https://fhir.fhirpoint.open.allscripts.com/fhirroute/fhir/77787,Provider,Direct
Internal Medicine Associates,https://fhir.fhirpoint.open.allscripts.com/fhirroute/fhir/72982U,Provider,Direct
Internal Medicine Of North Shore Pc,https://fhir.fhirpoint.open.allscripts.com/fhirroute/fhir/76201,Provider,Direct
Internal Medicine Of The Valley,https://fhir.fhirpoint.open.allscripts.com/fhirroute/fhir/73648,Provider,Direct
Internal Medicine Of Yuma LLC,https://fhir.fhirpoint.open.allscripts.com/fhirroute/fhir/59260,Provider,Direct
Internal Medicine Specialists Of Atlanta  P.C.,https://fhir.fhirpoint.open.allscripts.com/fhirroute/fhir/10030720,Provider,Direct
Internal Medicines Medhat Awad  Md  PA  FACSG,https://fhir.fhirpoint.open.allscripts.com/fhirroute/fhir/76468,Provider,Direct
International Mission Board,https://fhir.fhirpoint.open.allscripts.com/fhirroute/fhir/10716843,Provider,Direct
Interventional Cardiology,https://fhir.fhirpoint.open.allscripts.com/fhirroute/fhir/70435,Provider,Direct
Iowa Kidney Physicians PC,https://fhir.fhirpoint.open.allscripts.com/fhirroute/fhir/10036044,Provider,Direct
Iowa Spine Care,https://fhir.fhirpoint.open.allscripts.com/fhirroute/fhir/10087498,Provider,Direct
Island Dermatology,https://fhir.fhirpoint.open.allscripts.com/fhirroute/fhir/11424,Provider,Direct
Island Health Inc,https://fhir.fhirpoint.open.allscripts.com/fhirroute/fhir/10031202,Provider,Direct
Island View Gastroenterlogy Assoc,https://fhir.fhirpoint.open.allscripts.com/fhirroute/fhir/10038509,Provider,Direct
Island View Gastroenterlogy Assoc,https://fhir.fhirpoint.open.allscripts.com/fhirroute/fhir/10038509,Provider,Direct
Ismelda Garza,https://fhir.fhirpoint.open.allscripts.com/fhirroute/fhir/10049856,Provider,Direct
J. Richard Lilly  M.D.  Shaaron R. Towns  M.D.  And Associates  P.C.,https://fhir.fhirpoint.open.allscripts.com/fhirroute/fhir/0010782,Provider,Direct
Jackson Hospital,https://fhir.fhirpoint.open.allscripts.com/fhirroute/fhir/10036295,Provider,Direct
Jacksonville Brain and Spine Pllc,https://fhir.fhirpoint.open.allscripts.com/fhirroute/fhir/10125738,Provider,Direct
Jacqueline Bracy MD,https://fhir.fhirpoint.open.allscripts.com/fhirroute/fhir/75686,Provider,Direct
Jae Pak MD,https://fhir.fhirpoint.open.allscripts.com/fhirroute/fhir/10038951,Provider,Direct
Jaipaul Ramkelawan Med Pc,https://fhir.fhirpoint.open.allscripts.com/fhirroute/fhir/76999,Provider,Direct
James Clinic Inc,https://fhir.fhirpoint.open.allscripts.com/fhirroute/fhir/10999,Provider,Direct
James E Jones Jr MD,https://fhir.fhirpoint.open.allscripts.com/fhirroute/fhir/1603496,Provider,Direct
James G Williams Md,https://fhir.fhirpoint.open.allscripts.com/fhirroute/fhir/75930,Provider,Direct
James H Thomas MD,https://fhir.fhirpoint.open.allscripts.com/fhirroute/fhir/10071106,Provider,Direct
James Maddox  Md,https://fhir.fhirpoint.open.allscripts.com/fhirroute/fhir/10037623,Provider,Direct
James S Albertoli Md Facs,https://fhir.fhirpoint.open.allscripts.com/fhirroute/fhir/72869,Provider,Direct
James S Yeh MD INC,https://fhir.fhirpoint.open.allscripts.com/fhirroute/fhir/10062220,Provider,Direct
Jason Faller Md,https://fhir.fhirpoint.open.allscripts.com/fhirroute/fhir/77472,Provider,Direct
Jaspaul Bhangoo Md Pa,https://fhir.fhirpoint.open.allscripts.com/fhirroute/fhir/72182,Provider,Direct
Jatin K Pithadia Md Pc,https://fhir.fhirpoint.open.allscripts.com/fhirroute/fhir/71877,Provider,Direct
Javed Cardiology Center,https://fhir.fhirpoint.open.allscripts.com/fhirroute/fhir/10063928,Provider,Direct
Javier Zelaya MD Pc,https://fhir.fhirpoint.open.allscripts.com/fhirroute/fhir/62661,Provider,Direct
Jayaraman Medical Assoc  Llc,https://fhir.fhirpoint.open.allscripts.com/fhirroute/fhir/10042171,Provider,Direct
Jeetender Matharu Md,https://fhir.fhirpoint.open.allscripts.com/fhirroute/fhir/76516,Provider,Direct
Jefferson Internal Med,https://fhir.fhirpoint.open.allscripts.com/fhirroute/fhir/0001283,Provider,Direct
Jeffrey C Stone Dpm,https://fhir.fhirpoint.open.allscripts.com/fhirroute/fhir/76475,Provider,Direct
Jeremy Klein MD,https://fhir.fhirpoint.open.allscripts.com/fhirroute/fhir/0008261,Provider,Direct
Jerry A. Rubin  M.D. PA,https://fhir.fhirpoint.open.allscripts.com/fhirroute/fhir/10057684,Provider,Direct
Jersey Shore Advanced Surgical,https://fhir.fhirpoint.open.allscripts.com/fhirroute/fhir/76461,Provider,Direct
Jersey Shore Podiatrics,https://fhir.fhirpoint.open.allscripts.com/fhirroute/fhir/76521,Provider,Direct
Jesus D UcolMd,https://fhir.fhirpoint.open.allscripts.com/fhirroute/fhir/76057,Provider,Direct
JM Family Enterprises  Inc,https://fhir.fhirpoint.open.allscripts.com/fhirroute/fhir/10042790,Provider,Direct
Johannes V Blom Md,https://fhir.fhirpoint.open.allscripts.com/fhirroute/fhir/72213,Provider,Direct
John A Schmidt Jr MD LLC,https://fhir.fhirpoint.open.allscripts.com/fhirroute/fhir/72442,Provider,Direct
John A Whitfield MdDFacog,https://fhir.fhirpoint.open.allscripts.com/fhirroute/fhir/73087,Provider,Direct
John B Crider MD,https://fhir.fhirpoint.open.allscripts.com/fhirroute/fhir/62697,Provider,Direct
John F Fisher Md Pa,https://fhir.fhirpoint.open.allscripts.com/fhirroute/fhir/71808,Provider,Direct
John H Won Md,https://fhir.fhirpoint.open.allscripts.com/fhirroute/fhir/10069210,Provider,Direct
John Humeniuk MD,https://fhir.fhirpoint.open.allscripts.com/fhirroute/fhir/0000585,Provider,Direct
John Lim and Francine Ito,https://fhir.fhirpoint.open.allscripts.com/fhirroute/fhir/77100,Provider,Direct
John Mariani Md,https://fhir.fhirpoint.open.allscripts.com/fhirroute/fhir/77704,Provider,Direct
John Mcleod III MD,https://fhir.fhirpoint.open.allscripts.com/fhirroute/fhir/10021970,Provider,Direct
John W N Foster Faafp,https://fhir.fhirpoint.open.allscripts.com/fhirroute/fhir/77975,Provider,Direct
Johnson County Healthcare Center,https://fhir.fhirpoint.open.allscripts.com/fhirroute/fhir/10041460,Provider,Direct
Johnston County Pediatrics  PA,https://fhir.fhirpoint.open.allscripts.com/fhirroute/fhir/10041463,Provider,Direct
Johnston Family Medicine,https://fhir.fhirpoint.open.allscripts.com/fhirroute/fhir/10060350,Provider,Direct
Jonathan P Wulff Do Pc,https://fhir.fhirpoint.open.allscripts.com/fhirroute/fhir/72891,Provider,Direct
Jonathan Sack Md Pc,https://fhir.fhirpoint.open.allscripts.com/fhirroute/fhir/58093,Provider,Direct
Jonathan Tye Md,https://fhir.fhirpoint.open.allscripts.com/fhirroute/fhir/75552,Provider,Direct
Jonathan Warman Md,https://fhir.fhirpoint.open.allscripts.com/fhirroute/fhir/77505,Provider,Direct
Jonesville Health Care,https://fhir.fhirpoint.open.allscripts.com/fhirroute/fhir/57364,Provider,Direct
Josephine C Samson Md,https://fhir.fhirpoint.open.allscripts.com/fhirroute/fhir/77664,Provider,Direct
Josephine County Public Health,https://fhir.fhirpoint.open.allscripts.com/fhirroute/fhir/10359865,Provider,Direct
Joyful Living LLC,https://fhir.fhirpoint.open.allscripts.com/fhirroute/fhir/10009541,Provider,Direct
Jungmoon M Bae Md,https://fhir.fhirpoint.open.allscripts.com/fhirroute/fhir/75657,Provider,Direct
JUNPER HEALTH  INC ,https://fhir.fhirpoint.open.allscripts.com/fhirroute/fhir/10041084,Provider,Direct
Jupiter Family Medicine,https://fhir.fhirpoint.open.allscripts.com/fhirroute/fhir/10028581,Provider,Direct
Jusuf Zlatanic MD,https://fhir.fhirpoint.open.allscripts.com/fhirroute/fhir/10065543,Provider,Direct
Kalpesh Amin Md,https://fhir.fhirpoint.open.allscripts.com/fhirroute/fhir/10981391,Provider,Direct
Kamran V Nia Md Pc,https://fhir.fhirpoint.open.allscripts.com/fhirroute/fhir/10981471,Provider,Direct
Kansas Surgical Consultants,https://fhir.fhirpoint.open.allscripts.com/fhirroute/fhir/58203,Provider,Direct
Kari G Frano DO,https://fhir.fhirpoint.open.allscripts.com/fhirroute/fhir/77805,Provider,Direct
Karl Kosse Md,https://fhir.fhirpoint.open.allscripts.com/fhirroute/fhir/70054,Provider,Direct
Karle Medical Group,https://fhir.fhirpoint.open.allscripts.com/fhirroute/fhir/0010879,Provider,Direct
Karu Medical Associates,https://fhir.fhirpoint.open.allscripts.com/fhirroute/fhir/57975,Provider,Direct
Katy Internal Medicine Associates L.L.P,https://fhir.fhirpoint.open.allscripts.com/fhirroute/fhir/10055480,Provider,Direct
Kaushal Pediatric Services Ltd,https://fhir.fhirpoint.open.allscripts.com/fhirroute/fhir/10018258,Provider,Direct
Kay Stephens Md,https://fhir.fhirpoint.open.allscripts.com/fhirroute/fhir/76574,Provider,Direct
Keith Johnstone Md,https://fhir.fhirpoint.open.allscripts.com/fhirroute/fhir/70036KP,Provider,Direct
Kenly Medical Associates,https://fhir.fhirpoint.open.allscripts.com/fhirroute/fhir/0011519,Provider,Direct
Kevin S Lee Md,https://fhir.fhirpoint.open.allscripts.com/fhirroute/fhir/77386,Provider,Direct
Khalid Razzaq Md,https://fhir.fhirpoint.open.allscripts.com/fhirroute/fhir/75248,Provider,Direct
Khiem PV Nguyen Md,https://fhir.fhirpoint.open.allscripts.com/fhirroute/fhir/78091,Provider,Direct
Kid Are Great Pediatrics,https://fhir.fhirpoint.open.allscripts.com/fhirroute/fhir/71129,Provider,Direct
Kid Care Pediatrics,https://fhir.fhirpoint.open.allscripts.com/fhirroute/fhir/10033036,Provider,Direct
KidMed,https://fhir.fhirpoint.open.allscripts.com/fhirroute/fhir/11416842,Provider,Direct
Kids 1st Pediatrics,https://fhir.fhirpoint.open.allscripts.com/fhirroute/fhir/72723,Provider,Direct
Kids Alliance Pediatric Group,https://fhir.fhirpoint.open.allscripts.com/fhirroute/fhir/10046515,Provider,Direct
Kids Care,https://fhir.fhirpoint.open.allscripts.com/fhirroute/fhir/76519,Provider,Direct
Kids Choice Pediatrics  LLC,https://fhir.fhirpoint.open.allscripts.com/fhirroute/fhir/70036JL,Provider,Direct
Kids First Pediatrics,https://fhir.fhirpoint.open.allscripts.com/fhirroute/fhir/10020075,Provider,Direct
Kidschoice Pediatrics,https://fhir.fhirpoint.open.allscripts.com/fhirroute/fhir/75736,Provider,Direct
King Family Medical,https://fhir.fhirpoint.open.allscripts.com/fhirroute/fhir/10063009,Provider,Direct
Kinston Head & Neck Physicians & Surgeons,https://fhir.fhirpoint.open.allscripts.com/fhirroute/fhir/11398844,Provider,Direct
Kinston Podiatry Center,https://fhir.fhirpoint.open.allscripts.com/fhirroute/fhir/10064373,Provider,Direct
Klein Medical Clinic,https://fhir.fhirpoint.open.allscripts.com/fhirroute/fhir/72403,Provider,Direct
Knee and Shoulder Institute,https://fhir.fhirpoint.open.allscripts.com/fhirroute/fhir/10006393,Provider,Direct
Kufoy Medical Clinic,https://fhir.fhirpoint.open.allscripts.com/fhirroute/fhir/58590,Provider,Direct
Kusum M Ohri MD Inc,https://fhir.fhirpoint.open.allscripts.com/fhirroute/fhir/11009841,Provider,Direct
La Cueva Family Healthcare Inc,https://fhir.fhirpoint.open.allscripts.com/fhirroute/fhir/69994,Provider,Direct
La Red Health Ctr,https://fhir.fhirpoint.open.allscripts.com/fhirroute/fhir/10042378,Provider,Direct
Laboda Pediatric Center Inc,https://fhir.fhirpoint.open.allscripts.com/fhirroute/fhir/72113,Provider,Direct
Lafayette Psychiatric Services,https://fhir.fhirpoint.open.allscripts.com/fhirroute/fhir/72252,Provider,Direct
LaGraize Medical LLC,https://fhir.fhirpoint.open.allscripts.com/fhirroute/fhir/10024183,Provider,Direct
Lagrange Family Care Doctors,https://fhir.fhirpoint.open.allscripts.com/fhirroute/fhir/0011297,Provider,Direct
Lagrange Pediatrics,https://fhir.fhirpoint.open.allscripts.com/fhirroute/fhir/10037639,Provider,Direct
Lake Area Physician Services Inc,https://fhir.fhirpoint.open.allscripts.com/fhirroute/fhir/59349,Provider,Direct
Lake Heart Specialists,https://fhir.fhirpoint.open.allscripts.com/fhirroute/fhir/10038757,Provider,Direct
Lakeshore Allergy,https://fhir.fhirpoint.open.allscripts.com/fhirroute/fhir/10021830,Provider,Direct
Lakeside Neurology,https://fhir.fhirpoint.open.allscripts.com/fhirroute/fhir/10127756,Provider,Direct
Lakeside Pediatrics,https://fhir.fhirpoint.open.allscripts.com/fhirroute/fhir/10035187,Provider,Direct
Lakewood Family Medicine,https://fhir.fhirpoint.open.allscripts.com/fhirroute/fhir/10032725,Provider,Direct
Lakshma Tiyyagura Md,https://fhir.fhirpoint.open.allscripts.com/fhirroute/fhir/75467,Provider,Direct
Lancaster Skin Center Pc,https://fhir.fhirpoint.open.allscripts.com/fhirroute/fhir/10063205,Provider,Direct
Lansing Institute of Urology,https://fhir.fhirpoint.open.allscripts.com/fhirroute/fhir/10388851,Provider,Direct
Lansing Surgical Assoc PLLC,https://fhir.fhirpoint.open.allscripts.com/fhirroute/fhir/10019140,Provider,Direct
Laplata Urology Center Llc,https://fhir.fhirpoint.open.allscripts.com/fhirroute/fhir/10919,Provider,Direct
LATOUCHE PEDIATRICS,https://fhir.fhirpoint.open.allscripts.com/fhirroute/fhir/10049491,Provider,Direct
Laura Morgan Md Inc,https://fhir.fhirpoint.open.allscripts.com/fhirroute/fhir/74899,Provider,Direct
Laureate Medical Group,https://fhir.fhirpoint.open.allscripts.com/fhirroute/fhir/10036320,Provider,Direct
Laurel ENT and Allergy PC,https://fhir.fhirpoint.open.allscripts.com/fhirroute/fhir/57990,Provider,Direct
Lawrence J Rueff,https://fhir.fhirpoint.open.allscripts.com/fhirroute/fhir/10062144,Provider,Direct
Lawrence Lipnik Md,https://fhir.fhirpoint.open.allscripts.com/fhirroute/fhir/58294,Provider,Direct
Lawrence R Jackson Md,https://fhir.fhirpoint.open.allscripts.com/fhirroute/fhir/72392,Provider,Direct
Leachman Cardiology Assoc,https://fhir.fhirpoint.open.allscripts.com/fhirroute/fhir/58247,Provider,Direct
Lehigh Valley Pediatric Associates INC,https://fhir.fhirpoint.open.allscripts.com/fhirroute/fhir/10035630,Provider,Direct
Leja MD Loretta A,https://fhir.fhirpoint.open.allscripts.com/fhirroute/fhir/10037079,Provider,Direct
Lenawee Adult & Pediatric Medicine,https://fhir.fhirpoint.open.allscripts.com/fhirroute/fhir/10045120,Provider,Direct
Leon Baginski MD Inc,https://fhir.fhirpoint.open.allscripts.com/fhirroute/fhir/10150775,Provider,Direct
Les A. Burns  Md  Pa,https://fhir.fhirpoint.open.allscripts.com/fhirroute/fhir/8538,Provider,Direct
Lexington Foot And Ankle,https://fhir.fhirpoint.open.allscripts.com/fhirroute/fhir/10009450,Provider,Direct
Lexington Surgeons,https://fhir.fhirpoint.open.allscripts.com/fhirroute/fhir/10032229,Provider,Direct
Liberty Medical Center,https://fhir.fhirpoint.open.allscripts.com/fhirroute/fhir/57666,Provider,Direct
Lifebridge Community Pulmonology,https://fhir.fhirpoint.open.allscripts.com/fhirroute/fhir/10039196,Provider,Direct
Lifecare Family Medicine,https://fhir.fhirpoint.open.allscripts.com/fhirroute/fhir/11257846,Provider,Direct
Lifetime Family Care,https://fhir.fhirpoint.open.allscripts.com/fhirroute/fhir/58105,Provider,Direct
LifeWay Health,https://fhir.fhirpoint.open.allscripts.com/fhirroute/fhir/11042841,Provider,Direct
Lincoln Pediatrics Pc,https://fhir.fhirpoint.open.allscripts.com/fhirroute/fhir/10017457,Provider,Direct
Lisa Robles Md,https://fhir.fhirpoint.open.allscripts.com/fhirroute/fhir/77204,Provider,Direct
Litchfield Family Practice Center,https://fhir.fhirpoint.open.allscripts.com/fhirroute/fhir/10036641,Provider,Direct
Lloyd Moss Free Clinic,https://fhir.fhirpoint.open.allscripts.com/fhirroute/fhir/10062675,Provider,Direct
London Women s Care,https://fhir.fhirpoint.open.allscripts.com/fhirroute/fhir/57097,Provider,Direct
Lone Star Family Health Center,https://fhir.fhirpoint.open.allscripts.com/fhirroute/fhir/10020934,Provider,Direct
Long Island Neurosurgical Associates,https://fhir.fhirpoint.open.allscripts.com/fhirroute/fhir/10040532,Provider,Direct
Los Angeles LGBT Center,https://fhir.fhirpoint.open.allscripts.com/fhirroute/fhir/60317,Provider,Direct
Los Angeles Orthopaedic Center,https://fhir.fhirpoint.open.allscripts.com/fhirroute/fhir/76289,Provider,Direct
Louis P Coates LLC,https://fhir.fhirpoint.open.allscripts.com/fhirroute/fhir/10019871,Provider,Direct
Louisville Pulmonary Care  PLLC,https://fhir.fhirpoint.open.allscripts.com/fhirroute/fhir/10033054,Provider,Direct
Lowcountry Urology Clinics PA,https://fhir.fhirpoint.open.allscripts.com/fhirroute/fhir/11445841,Provider,Direct
Lubbock Nephrology Assoc Pa,https://fhir.fhirpoint.open.allscripts.com/fhirroute/fhir/77739,Provider,Direct
Lung Associates of Sarasota,https://fhir.fhirpoint.open.allscripts.com/fhirroute/fhir/10086560,Provider,Direct
Lung Center Of Nevada,https://fhir.fhirpoint.open.allscripts.com/fhirroute/fhir/70372,Provider,Direct
Lung Clinic Center for Sleep Medicine,https://fhir.fhirpoint.open.allscripts.com/fhirroute/fhir/10359860,Provider,Direct
M Ammar Katerji Md,https://fhir.fhirpoint.open.allscripts.com/fhirroute/fhir/76426,Provider,Direct
MacGregor Medical Center,https://fhir.fhirpoint.open.allscripts.com/fhirroute/fhir/59382,Provider,Direct
Mackey Family Practice,https://fhir.fhirpoint.open.allscripts.com/fhirroute/fhir/0900394,Provider,Direct
Mackinac Straits Health System,https://fhir.fhirpoint.open.allscripts.com/fhirroute/fhir/10156688,Provider,Direct
Macomb Medical ClinicMI,https://fhir.fhirpoint.open.allscripts.com/fhirroute/fhir/0008278,Provider,Direct
Macoupin Family Practice Centers  LLP,https://fhir.fhirpoint.open.allscripts.com/fhirroute/fhir/10025934,Provider,Direct
Madison County Medical Assoc,https://fhir.fhirpoint.open.allscripts.com/fhirroute/fhir/59713,Provider,Direct
MAHEC,https://fhir.fhirpoint.open.allscripts.com/fhirroute/fhir/10030851,Provider,Direct
Main Street Pediatrics,https://fhir.fhirpoint.open.allscripts.com/fhirroute/fhir/56315,Provider,Direct
Main Street Pediatrics,https://fhir.fhirpoint.open.allscripts.com/fhirroute/fhir/10029714,Provider,Direct
Makoto Iwahara Md,https://fhir.fhirpoint.open.allscripts.com/fhirroute/fhir/10021348,Provider,Direct
Manchester Ear Nose  Throat Center LLC,https://fhir.fhirpoint.open.allscripts.com/fhirroute/fhir/366,Provider,Direct
Manuli Internal Medicine PLLC,https://fhir.fhirpoint.open.allscripts.com/fhirroute/fhir/57741,Provider,Direct
Maple Medical Services Pc,https://fhir.fhirpoint.open.allscripts.com/fhirroute/fhir/73554,Provider,Direct
Maplecrest Medical,https://fhir.fhirpoint.open.allscripts.com/fhirroute/fhir/77511,Provider,Direct
Marc Janis Md,https://fhir.fhirpoint.open.allscripts.com/fhirroute/fhir/77938,Provider,Direct
Maria Cristina Atienza Md Psc,https://fhir.fhirpoint.open.allscripts.com/fhirroute/fhir/76119,Provider,Direct
Mariaelena GonzalezSozer Md,https://fhir.fhirpoint.open.allscripts.com/fhirroute/fhir/76650,Provider,Direct
Marquette Internal Medicine & Pediatric Associates P.C.,https://fhir.fhirpoint.open.allscripts.com/fhirroute/fhir/0005394F,Provider,Direct
Marquette Internal Medicine & Pediatric Associates P.C.,https://fhir.fhirpoint.open.allscripts.com/fhirroute/fhir/10756842,Provider,Direct
Marshall Family Medicine,https://fhir.fhirpoint.open.allscripts.com/fhirroute/fhir/10032031,Provider,Direct
Martin P. Lanoff MD  SC,https://fhir.fhirpoint.open.allscripts.com/fhirroute/fhir/10688842,Provider,Direct
Mary Ibrahim Md,https://fhir.fhirpoint.open.allscripts.com/fhirroute/fhir/73079,Provider,Direct
Maryam Rahnemun Md,https://fhir.fhirpoint.open.allscripts.com/fhirroute/fhir/72088,Provider,Direct
Maryland Neurological Center,https://fhir.fhirpoint.open.allscripts.com/fhirroute/fhir/71949,Provider,Direct
Maryland Podiatry Center,https://fhir.fhirpoint.open.allscripts.com/fhirroute/fhir/73744,Provider,Direct
Mason H Long MD,https://fhir.fhirpoint.open.allscripts.com/fhirroute/fhir/62916,Provider,Direct
Maternally Yours Family Care,https://fhir.fhirpoint.open.allscripts.com/fhirroute/fhir/11633841,Provider,Direct
Matthew Lief MD PA,https://fhir.fhirpoint.open.allscripts.com/fhirroute/fhir/72982E,Provider,Direct
Mazen Khusayem Md,https://fhir.fhirpoint.open.allscripts.com/fhirroute/fhir/70579,Provider,Direct
McCook Clinic PC,https://fhir.fhirpoint.open.allscripts.com/fhirroute/fhir/10063181,Provider,Direct
McKenzie Wilfred MD,https://fhir.fhirpoint.open.allscripts.com/fhirroute/fhir/56872,Provider,Direct
Md Electrodiagnosis Inc,https://fhir.fhirpoint.open.allscripts.com/fhirroute/fhir/74578,Provider,Direct
Med Center 1,https://fhir.fhirpoint.open.allscripts.com/fhirroute/fhir/6609,Provider,Direct
Med Edge - N. Raleigh Ped. Grp,https://fhir.fhirpoint.open.allscripts.com/fhirroute/fhir/58688,Provider,Direct
Med North Group  PLLC,https://fhir.fhirpoint.open.allscripts.com/fhirroute/fhir/10142895,Provider,Direct
Med Specialists Of Madison Co,https://fhir.fhirpoint.open.allscripts.com/fhirroute/fhir/70226,Provider,Direct
Medical & Surgical Clinics of Magee,https://fhir.fhirpoint.open.allscripts.com/fhirroute/fhir/10392841,Provider,Direct
Medical & Surgical Clinics of Magee,https://fhir.fhirpoint.open.allscripts.com/fhirroute/fhir/59565,Provider,Direct
Medical Associates of North Georgia,https://fhir.fhirpoint.open.allscripts.com/fhirroute/fhir/10023127,Provider,Direct
Medical Associates Plus,https://fhir.fhirpoint.open.allscripts.com/fhirroute/fhir/10049942,Provider,Direct
Medical Diagnostic Imaging Group,https://fhir.fhirpoint.open.allscripts.com/fhirroute/fhir/5100223,Provider,Direct
Medsupport dba Argus Healthcare Solution,https://fhir.fhirpoint.open.allscripts.com/fhirroute/fhir/10041884,Provider,Direct
Melanie C Firman Md,https://fhir.fhirpoint.open.allscripts.com/fhirroute/fhir/72250Q,Provider,Direct
Memorial Healthcare Systems,https://fhir.fhirpoint.open.allscripts.com/fhirroute/fhir/10022920,Provider,Direct
Memorial Neurological Assoc,https://fhir.fhirpoint.open.allscripts.com/fhirroute/fhir/0700619,Provider,Direct
Mercy Family Practice,https://fhir.fhirpoint.open.allscripts.com/fhirroute/fhir/72053,Provider,Direct
Meridian Primary Care,https://fhir.fhirpoint.open.allscripts.com/fhirroute/fhir/10029499,Provider,Direct
Metro Atlanta Gastroenterology,https://fhir.fhirpoint.open.allscripts.com/fhirroute/fhir/10043934,Provider,Direct
Metro Surgical  PC,https://fhir.fhirpoint.open.allscripts.com/fhirroute/fhir/10054341,Provider,Direct
Metrolina Neurological Associates,https://fhir.fhirpoint.open.allscripts.com/fhirroute/fhir/0900167,Provider,Direct
Michael G Casagrande MD  PA,https://fhir.fhirpoint.open.allscripts.com/fhirroute/fhir/10017106,Provider,Direct
Michael L Carr Md,https://fhir.fhirpoint.open.allscripts.com/fhirroute/fhir/73867,Provider,Direct
Michael L Carr Md,https://fhir.fhirpoint.open.allscripts.com/R4/fhir-A15-FhirPoint-Echo?cust=73867,Provider,Direct
Michael R Leonard Md,https://fhir.fhirpoint.open.allscripts.com/fhirroute/fhir/76211,Provider,Direct
Michael T Jelinek,https://fhir.fhirpoint.open.allscripts.com/fhirroute/fhir/74368,Provider,Direct
Michigan Endocrine Consultants,https://fhir.fhirpoint.open.allscripts.com/fhirroute/fhir/10042549,Provider,Direct
Michigan Lung & Critical Care Specialists,https://fhir.fhirpoint.open.allscripts.com/fhirroute/fhir/10029967,Provider,Direct
Michigan Vascular Center,https://fhir.fhirpoint.open.allscripts.com/fhirroute/fhir/57632,Provider,Direct
Mid Carolina Family Medicine,https://fhir.fhirpoint.open.allscripts.com/fhirroute/fhir/77606,Provider,Direct
Mid Jersey Associates PA,https://fhir.fhirpoint.open.allscripts.com/fhirroute/fhir/69599,Provider,Direct
Mid Michigan Ear Nose Throat PC,https://fhir.fhirpoint.open.allscripts.com/fhirroute/fhir/10046080,Provider,Direct
MID VALLEY GASTROENTEROLOGY,https://fhir.fhirpoint.open.allscripts.com/fhirroute/fhir/10027240,Provider,Direct
Middle Georgia Ent,https://fhir.fhirpoint.open.allscripts.com/fhirroute/fhir/900745,Provider,Direct
Middle Tennessee Pulmonary Assoc PLLC,https://fhir.fhirpoint.open.allscripts.com/fhirroute/fhir/10028181,Provider,Direct
Midland County Health Department,https://fhir.fhirpoint.open.allscripts.com/fhirroute/fhir/10031120,Provider,Direct
Midland Family Physicians  PC,https://fhir.fhirpoint.open.allscripts.com/fhirroute/fhir/10041626,Provider,Direct
Midlands Family Medicine,https://fhir.fhirpoint.open.allscripts.com/fhirroute/fhir/10035017,Provider,Direct
Midlantic Urology,https://fhir.fhirpoint.open.allscripts.com/fhirroute/fhir/10857850,Provider,Direct
MidMichigan Obstetrics & Gynecology,https://fhir.fhirpoint.open.allscripts.com/fhirroute/fhir/10026655,Provider,Direct
Midwest ENT Centre,https://fhir.fhirpoint.open.allscripts.com/fhirroute/fhir/10033055,Provider,Direct
Midwest Medical Group,https://fhir.fhirpoint.open.allscripts.com/fhirroute/fhir/10083044,Provider,Direct
Midwest Nephrology Consultants,https://fhir.fhirpoint.open.allscripts.com/fhirroute/fhir/10027823,Provider,Direct
Mill Creek Pediatrics,https://fhir.fhirpoint.open.allscripts.com/fhirroute/fhir/69964,Provider,Direct
Millersburg Clinic,https://fhir.fhirpoint.open.allscripts.com/fhirroute/fhir/56545EJ,Provider,Direct
Milltown Family Physicians,https://fhir.fhirpoint.open.allscripts.com/fhirroute/fhir/10028476,Provider,Direct
Milwaukee Orthopaedic Group LTD,https://fhir.fhirpoint.open.allscripts.com/fhirroute/fhir/10018449,Provider,Direct
Minh Do Md,https://fhir.fhirpoint.open.allscripts.com/fhirroute/fhir/76538,Provider,Direct
Mir Neurology Center,https://fhir.fhirpoint.open.allscripts.com/fhirroute/fhir/75761,Provider,Direct
Missouri Vein Care,https://fhir.fhirpoint.open.allscripts.com/fhirroute/fhir/77697,Provider,Direct
MN Ctr. for Obesity  Metabolism and Endocrinology,https://fhir.fhirpoint.open.allscripts.com/fhirroute/fhir/10026809,Provider,Direct
Mohammed AlNajjar Md,https://fhir.fhirpoint.open.allscripts.com/fhirroute/fhir/75326,Provider,Direct
Mohan Deochand Md,https://fhir.fhirpoint.open.allscripts.com/fhirroute/fhir/75015,Provider,Direct
Monarch Health Services,https://fhir.fhirpoint.open.allscripts.com/fhirroute/fhir/10503841,Provider,Direct
Monroe Medical Asoc,https://fhir.fhirpoint.open.allscripts.com/fhirroute/fhir/0004855,Provider,Direct
Monteiro Md Office Of Jose A,https://fhir.fhirpoint.open.allscripts.com/fhirroute/fhir/56654,Provider,Direct
Monticello Medical Associates,https://fhir.fhirpoint.open.allscripts.com/fhirroute/fhir/60896,Provider,Direct
Monument Avenue Pediatrics,https://fhir.fhirpoint.open.allscripts.com/fhirroute/fhir/76510,Provider,Direct
Mordo Suchov MD,https://fhir.fhirpoint.open.allscripts.com/fhirroute/fhir/10064274,Provider,Direct
Morgan Family Practice,https://fhir.fhirpoint.open.allscripts.com/fhirroute/fhir/77374,Provider,Direct
Morris Ahdoot Inc,https://fhir.fhirpoint.open.allscripts.com/fhirroute/fhir/74419,Provider,Direct
MORRIS AVENUE MEDICAL CENTER,https://fhir.fhirpoint.open.allscripts.com/fhirroute/fhir/10045835,Provider,Direct
Morteza Mirhaidari DPM,https://fhir.fhirpoint.open.allscripts.com/fhirroute/fhir/56545L,Provider,Direct
Moshe H Shirazi Md,https://fhir.fhirpoint.open.allscripts.com/fhirroute/fhir/10980958,Provider,Direct
Moultrie Internal Medicine Assoc Pc,https://fhir.fhirpoint.open.allscripts.com/fhirroute/fhir/74543,Provider,Direct
Mount Sinai Manhattan Heart,https://fhir.fhirpoint.open.allscripts.com/fhirroute/fhir/10062281,Provider,Direct
Mount Sinai NJH Respiratory Institute,https://fhir.fhirpoint.open.allscripts.com/fhirroute/fhir/0009326,Provider,Direct
Mount Washington Family Practice,https://fhir.fhirpoint.open.allscripts.com/fhirroute/fhir/75838,Provider,Direct
Mountain Rheumatology,https://fhir.fhirpoint.open.allscripts.com/fhirroute/fhir/72052,Provider,Direct
Mountain Sleep and Respiratory Medicine,https://fhir.fhirpoint.open.allscripts.com/fhirroute/fhir/10605849,Provider,Direct
Mountcastle Medical & Med Spa,https://fhir.fhirpoint.open.allscripts.com/fhirroute/fhir/11077843,Provider,Direct
Mt Hood Ear Nose And Throat,https://fhir.fhirpoint.open.allscripts.com/fhirroute/fhir/0011691,Provider,Direct
Muncie Primary Care,https://fhir.fhirpoint.open.allscripts.com/fhirroute/fhir/10032584,Provider,Direct
Munif Pediatrics,https://fhir.fhirpoint.open.allscripts.com/fhirroute/fhir/75323,Provider,Direct
My Community Health Center,https://fhir.fhirpoint.open.allscripts.com/fhirroute/fhir/10115643,Provider,Direct
My Kids Doc,https://fhir.fhirpoint.open.allscripts.com/fhirroute/fhir/76060,Provider,Direct
Mycare Health Center,https://fhir.fhirpoint.open.allscripts.com/fhirroute/fhir/10018231,Provider,Direct
Myers and Miller Podiatry Inc,https://fhir.fhirpoint.open.allscripts.com/fhirroute/fhir/56545N,Provider,Direct
Myrna C De Asis Md,https://fhir.fhirpoint.open.allscripts.com/fhirroute/fhir/75723,Provider,Direct
Nabil Metwally  MD PC,https://fhir.fhirpoint.open.allscripts.com/fhirroute/fhir/70566A,Provider,Direct
Naeem A Qazi Md Pc,https://fhir.fhirpoint.open.allscripts.com/fhirroute/fhir/75426,Provider,Direct
Nantucket Cottage Hospital,https://fhir.fhirpoint.open.allscripts.com/fhirroute/fhir/0011426H,Provider,Direct
NASA Neuroscience & Spine Associates ,https://fhir.fhirpoint.open.allscripts.com/fhirroute/fhir/10036564,Provider,Direct
Nasreen R Dar Md,https://fhir.fhirpoint.open.allscripts.com/fhirroute/fhir/10062407,Provider,Direct
Natalio J Chediak MD,https://fhir.fhirpoint.open.allscripts.com/fhirroute/fhir/0006250,Provider,Direct
Naugatuck Valley Gastroenterology Consultants,https://fhir.fhirpoint.open.allscripts.com/fhirroute/fhir/0011245,Provider,Direct
Neighborhood Medical Center,https://fhir.fhirpoint.open.allscripts.com/fhirroute/fhir/10035411,Provider,Direct
Nelson E Uzquiano Md Pa,https://fhir.fhirpoint.open.allscripts.com/fhirroute/fhir/76267,Provider,Direct
Nephrology Assoc Of Tidewater Ltd,https://fhir.fhirpoint.open.allscripts.com/fhirroute/fhir/0000397,Provider,Direct
Nephrology Associates of DE,https://fhir.fhirpoint.open.allscripts.com/fhirroute/fhir/10028142,Provider,Direct
Nephrology Associates Of Lexington,https://fhir.fhirpoint.open.allscripts.com/fhirroute/fhir/0000205,Provider,Direct
Nephrology Consultants of NW Ohio,https://fhir.fhirpoint.open.allscripts.com/fhirroute/fhir/10014209,Provider,Direct
Neugenesis Plastic Surgery,https://fhir.fhirpoint.open.allscripts.com/fhirroute/fhir/8661,Provider,Direct
Neuro Ctr Of N Orange County,https://fhir.fhirpoint.open.allscripts.com/fhirroute/fhir/10981686,Provider,Direct
Neurological Care PC,https://fhir.fhirpoint.open.allscripts.com/fhirroute/fhir/10981509,Provider,Direct
Neurological Institute of Savannah & Center for Spine,https://fhir.fhirpoint.open.allscripts.com/fhirroute/fhir/10049463,Provider,Direct
Neurological Medicine  P.A.,https://fhir.fhirpoint.open.allscripts.com/fhirroute/fhir/10056499,Provider,Direct
Neurology And Pain Management,https://fhir.fhirpoint.open.allscripts.com/fhirroute/fhir/10040498,Provider,Direct
Neurology Assoc Of Mesilla Valley,https://fhir.fhirpoint.open.allscripts.com/fhirroute/fhir/73443,Provider,Direct
Neurology Consultants Of Dallas  P.A.,https://fhir.fhirpoint.open.allscripts.com/fhirroute/fhir/10039269,Provider,Direct
Neurology of Marshall County,https://fhir.fhirpoint.open.allscripts.com/fhirroute/fhir/10065612,Provider,Direct
Neurology Specialists  P.C.,https://fhir.fhirpoint.open.allscripts.com/fhirroute/fhir/10029988,Provider,Direct
NeuroMicroSpine,https://fhir.fhirpoint.open.allscripts.com/fhirroute/fhir/10067615,Provider,Direct
Neuromuscular Research Center,https://fhir.fhirpoint.open.allscripts.com/fhirroute/fhir/74979,Provider,Direct
Neuropsychiatric Assoc Inc Pc,https://fhir.fhirpoint.open.allscripts.com/fhirroute/fhir/9959,Provider,Direct
Neuroscience & Spine Center,https://fhir.fhirpoint.open.allscripts.com/fhirroute/fhir/10033654,Provider,Direct
Neurosurgery and Endovascular Associates SC,https://fhir.fhirpoint.open.allscripts.com/fhirroute/fhir/10070083,Provider,Direct
Neurosurgical Assoc of Southwestern CT,https://fhir.fhirpoint.open.allscripts.com/fhirroute/fhir/56759,Provider,Direct
Neurosurgical Assoc PC,https://fhir.fhirpoint.open.allscripts.com/fhirroute/fhir/06724,Provider,Direct
Neurosurgical Assoc.  PC,https://fhir.fhirpoint.open.allscripts.com/fhirroute/fhir/10050856,Provider,Direct
Neurosurgical Associates,https://fhir.fhirpoint.open.allscripts.com/fhirroute/fhir/10017308,Provider,Direct
NEUROSURGICAL ASSOCIATES  P.C.,https://fhir.fhirpoint.open.allscripts.com/fhirroute/fhir/10035369,Provider,Direct
Nevada Orthopedic & Spine Center,https://fhir.fhirpoint.open.allscripts.com/fhirroute/fhir/10044387,Provider,Direct
New England All Ast Imm Ped Prim Care,https://fhir.fhirpoint.open.allscripts.com/fhirroute/fhir/11044842,Provider,Direct
New Era Healthcare,https://fhir.fhirpoint.open.allscripts.com/fhirroute/fhir/10799847,Provider,Direct
New Genesis Medical Associates,https://fhir.fhirpoint.open.allscripts.com/fhirroute/fhir/10089655,Provider,Direct
New Genesis Medical Associates  Inc. - (RCP) A Residential Care Program,https://fhir.fhirpoint.open.allscripts.com/fhirroute/fhir/10658852,Provider,Direct
New Jersey Orthopedic Institute,https://fhir.fhirpoint.open.allscripts.com/fhirroute/fhir/76551,Provider,Direct
New Johnsonville Family Health Center,https://fhir.fhirpoint.open.allscripts.com/fhirroute/fhir/72519,Provider,Direct
New West Sports Medicine & Orthopaedic Surgery,https://fhir.fhirpoint.open.allscripts.com/fhirroute/fhir/10022524,Provider,Direct
New York Downtown Orthopaedic,https://fhir.fhirpoint.open.allscripts.com/fhirroute/fhir/77674,Provider,Direct
Newport Center Medical Group,https://fhir.fhirpoint.open.allscripts.com/fhirroute/fhir/09192,Provider,Direct
Newport Center Medical Group,https://fhir.fhirpoint.open.allscripts.com/fhirroute/fhir/09192,Provider,Direct
Newport Childrens Med at Mission,https://fhir.fhirpoint.open.allscripts.com/fhirroute/fhir/10065589,Provider,Direct
Newport Childrens Medical Group,https://fhir.fhirpoint.open.allscripts.com/fhirroute/fhir/76584,Provider,Direct
Nicolas Biasotto DO,https://fhir.fhirpoint.open.allscripts.com/fhirroute/fhir/68523BH,Provider,Direct
Nina Lee-Tall  MD,https://fhir.fhirpoint.open.allscripts.com/fhirroute/fhir/77258,Provider,Direct
Ninilchik Community Clinic,https://fhir.fhirpoint.open.allscripts.com/fhirroute/fhir/10085262,Provider,Direct
Ninth Avenue Internal Medicine,https://fhir.fhirpoint.open.allscripts.com/fhirroute/fhir/73738,Provider,Direct
NIU Health,https://fhir.fhirpoint.open.allscripts.com/fhirroute/fhir/11094843,Provider,Direct
NJ Spine Specialists/Surgery,https://fhir.fhirpoint.open.allscripts.com/fhirroute/fhir/10059472,Provider,Direct
North Atlanta Pediatrics,https://fhir.fhirpoint.open.allscripts.com/fhirroute/fhir/10042573,Provider,Direct
North Buncombe Family Medicine PA,https://fhir.fhirpoint.open.allscripts.com/fhirroute/fhir/58025,Provider,Direct
North Caddo Medical Center,https://fhir.fhirpoint.open.allscripts.com/fhirroute/fhir/59468,Provider,Direct
North Carolina Nephrology ,https://fhir.fhirpoint.open.allscripts.com/fhirroute/fhir/2363,Provider,Direct
North Coast Surgical Specialists,https://fhir.fhirpoint.open.allscripts.com/fhirroute/fhir/74211,Provider,Direct
North Jersey Orthopaedic Specialists PA,https://fhir.fhirpoint.open.allscripts.com/fhirroute/fhir/0010709,Provider,Direct
North Myrtle Beach Internal Medical,https://fhir.fhirpoint.open.allscripts.com/fhirroute/fhir/0009605,Provider,Direct
North Oakland Ent Center  P.C.,https://fhir.fhirpoint.open.allscripts.com/fhirroute/fhir/10056175,Provider,Direct
North Providence Primary Care Assoc,https://fhir.fhirpoint.open.allscripts.com/fhirroute/fhir/73916AX,Provider,Direct
North Texas Hand Center,https://fhir.fhirpoint.open.allscripts.com/fhirroute/fhir/76369,Provider,Direct
North Texas ObGyn,https://fhir.fhirpoint.open.allscripts.com/fhirroute/fhir/72853,Provider,Direct
North Valley GI Medical Group,https://fhir.fhirpoint.open.allscripts.com/fhirroute/fhir/10058253,Provider,Direct
Northeast Florida Endocrinology And Diabetes Associates,https://fhir.fhirpoint.open.allscripts.com/fhirroute/fhir/10043022,Provider,Direct
Northeast Orthopedic Clinic,https://fhir.fhirpoint.open.allscripts.com/fhirroute/fhir/0010225,Provider,Direct
Northeastern Nephrology Assoc,https://fhir.fhirpoint.open.allscripts.com/fhirroute/fhir/10060336,Provider,Direct
Northeastern Orthopedics,https://fhir.fhirpoint.open.allscripts.com/fhirroute/fhir/10043116,Provider,Direct
Northern Arizona Gastroenterology ,https://fhir.fhirpoint.open.allscripts.com/fhirroute/fhir/10053936,Provider,Direct
Northern Foot And Ankle Center,https://fhir.fhirpoint.open.allscripts.com/fhirroute/fhir/76920,Provider,Direct
Northern Michigan Heart Center,https://fhir.fhirpoint.open.allscripts.com/fhirroute/fhir/10168776,Provider,Direct
Northern Nevada Allergy Clinic  LTD,https://fhir.fhirpoint.open.allscripts.com/fhirroute/fhir/75964,Provider,Direct
Northern Virginia Pediatric Associates Pc,https://fhir.fhirpoint.open.allscripts.com/fhirroute/fhir/10069413,Provider,Direct
Northlake Nephrology Inc,https://fhir.fhirpoint.open.allscripts.com/fhirroute/fhir/10286805,Provider,Direct
Northpark Orthopedics,https://fhir.fhirpoint.open.allscripts.com/fhirroute/fhir/0004135,Provider,Direct
Northside Gastroenterology,https://fhir.fhirpoint.open.allscripts.com/fhirroute/fhir/10045838,Provider,Direct
NorthsideEnt,https://fhir.fhirpoint.open.allscripts.com/fhirroute/fhir/10035701,Provider,Direct
Northtown Primary Care,https://fhir.fhirpoint.open.allscripts.com/fhirroute/fhir/10049531,Provider,Direct
Northview Orthopaedic Associates,https://fhir.fhirpoint.open.allscripts.com/fhirroute/fhir/10268,Provider,Direct
NORTHWEST FAMILY PHYSICIANS,https://fhir.fhirpoint.open.allscripts.com/fhirroute/fhir/10035376,Provider,Direct
NorthWest Family Practice,https://fhir.fhirpoint.open.allscripts.com/fhirroute/fhir/10359857,Provider,Direct
Northwest Louisiana Nephrology,https://fhir.fhirpoint.open.allscripts.com/fhirroute/fhir/10031667,Provider,Direct
Northwest Neurosurgery Institute,https://fhir.fhirpoint.open.allscripts.com/fhirroute/fhir/57856,Provider,Direct
Northwest OBGYN,https://fhir.fhirpoint.open.allscripts.com/fhirroute/fhir/9751,Provider,Direct
Northwest Physicians Associates,https://fhir.fhirpoint.open.allscripts.com/fhirroute/fhir/USCore6.1/10037334,Provider,Direct
Northwest Physicians Associates,https://fhir.fhirpoint.open.allscripts.com/fhirroute/fhir/10037334,Provider,Direct
Northwest Suburban Pediatrics SC,https://fhir.fhirpoint.open.allscripts.com/fhirroute/fhir/10086337,Provider,Direct
NPS Physicians PittsburghLLC,https://fhir.fhirpoint.open.allscripts.com/fhirroute/fhir/72674,Provider,Direct
NSLIJ Template,https://fhir.fhirpoint.open.allscripts.com/fhirroute/fhir/NSLIJTMPT,Provider,Direct
NW Buffalo Community Health,https://fhir.fhirpoint.open.allscripts.com/fhirroute/fhir/69576,Provider,Direct
NW GA Dermatology and Skin Cancer Spec,https://fhir.fhirpoint.open.allscripts.com/fhirroute/fhir/0009890,Provider,Direct
NWIA Bone Joint & Sports Surg,https://fhir.fhirpoint.open.allscripts.com/fhirroute/fhir/0001235,Provider,Direct
NY Ortho  Sports Medicine & Trauma  P.C.,https://fhir.fhirpoint.open.allscripts.com/fhirroute/fhir/10033659,Provider,Direct
Oakland Medical Center,https://fhir.fhirpoint.open.allscripts.com/fhirroute/fhir/10021963,Provider,Direct
Oaklawn Hospital,https://fhir.fhirpoint.open.allscripts.com/fhirroute/fhir/10033276,Provider,Direct
Ob-Gyn Assoc Of Southern Indiana,https://fhir.fhirpoint.open.allscripts.com/fhirroute/fhir/10035911,Provider,Direct
OB-GYN Associates,https://fhir.fhirpoint.open.allscripts.com/fhirroute/fhir/0007093,Provider,Direct
ObGyn Assoc Of Danville Inc,https://fhir.fhirpoint.open.allscripts.com/fhirroute/fhir/58293,Provider,Direct
OBGYN Associates of Holland PC,https://fhir.fhirpoint.open.allscripts.com/fhirroute/fhir/57334,Provider,Direct
OBGYN of Huntington,https://fhir.fhirpoint.open.allscripts.com/fhirroute/fhir/10121096,Provider,Direct
OCC MSO  LLC,https://fhir.fhirpoint.open.allscripts.com/R4/fhir-OCC-FhirPoint-Echo?cust=10344843,Provider,Direct
OCC MSO  LLC,https://fhir.fhirpoint.open.allscripts.com/fhirroute/fhir/10344843,Provider,Direct
Oconee Family Practice PC,https://fhir.fhirpoint.open.allscripts.com/fhirroute/fhir/10043994,Provider,Direct
Oculoplastics Dr Fortenberry,https://fhir.fhirpoint.open.allscripts.com/fhirroute/fhir/61892,Provider,Direct
Odyssey House Louisiana Inc,https://fhir.fhirpoint.open.allscripts.com/fhirroute/fhir/77669,Provider,Direct
Okaloosa Cardiology P A,https://fhir.fhirpoint.open.allscripts.com/fhirroute/fhir/0009543,Provider,Direct
OKLAHOMA CENTER FOR ORTHOPAEDICS,https://fhir.fhirpoint.open.allscripts.com/fhirroute/fhir/10031011,Provider,Direct
Oklahoma Sports Science,https://fhir.fhirpoint.open.allscripts.com/fhirroute/fhir/10046163,Provider,Direct
Olathe WomenS Center,https://fhir.fhirpoint.open.allscripts.com/fhirroute/fhir/0004243E,Provider,Direct
Oleg Kotelskiy DO PC,https://fhir.fhirpoint.open.allscripts.com/fhirroute/fhir/72996,Provider,Direct
Oliver Family Healthcare  P.C.,https://fhir.fhirpoint.open.allscripts.com/fhirroute/fhir/10030166,Provider,Direct
Olympic Family Practice,https://fhir.fhirpoint.open.allscripts.com/fhirroute/fhir/10035278,Provider,Direct
Omni Health Care Inc,https://fhir.fhirpoint.open.allscripts.com/fhirroute/fhir/10070286,Provider,Direct
Opdyke Medical  PLLC,https://fhir.fhirpoint.open.allscripts.com/fhirroute/fhir/10065479,Provider,Direct
Open Door Health Center,https://fhir.fhirpoint.open.allscripts.com/fhirroute/fhir/10042452,Provider,Direct
Optimal Health Associates,https://fhir.fhirpoint.open.allscripts.com/fhirroute/fhir/10046172,Provider,Direct
Options for Southern Oregon,https://fhir.fhirpoint.open.allscripts.com/fhirroute/fhir/10359861,Provider,Direct
Optum,https://fhir.fhirpoint.open.allscripts.com/fhirroute/fhir/10017518,Provider,Direct
Optum Primary Care - Wasatch Peak,https://fhir.fhirpoint.open.allscripts.com/fhirroute/fhir/0011777,Provider,Direct
Opum US INC.,https://fhir.fhirpoint.open.allscripts.com/fhirroute/fhir/11204841,Provider,Direct
Orange County Ear Nose And Throat,https://fhir.fhirpoint.open.allscripts.com/fhirroute/fhir/56334,Provider,Direct
Orangeburg Lung Assoc,https://fhir.fhirpoint.open.allscripts.com/fhirroute/fhir/900832,Provider,Direct
Orchard Medical Center,https://fhir.fhirpoint.open.allscripts.com/fhirroute/fhir/10914,Provider,Direct
Orchhard Medical Group,https://fhir.fhirpoint.open.allscripts.com/fhirroute/fhir/76982,Provider,Direct
Orion Family Physicians,https://fhir.fhirpoint.open.allscripts.com/fhirroute/fhir/10039100,Provider,Direct
Orlando Immunology Center PA,https://fhir.fhirpoint.open.allscripts.com/fhirroute/fhir/10388860,Provider,Direct
Orleans Medical Clinic,https://fhir.fhirpoint.open.allscripts.com/fhirroute/fhir/58220,Provider,Direct
Ortho Spec of Spartanburg PC,https://fhir.fhirpoint.open.allscripts.com/fhirroute/fhir/0007585,Provider,Direct
Orthopaedic & Fracture Clinic,https://fhir.fhirpoint.open.allscripts.com/fhirroute/fhir/10050584,Provider,Direct
Orthopaedic & Spine Center of the Rockies,https://fhir.fhirpoint.open.allscripts.com/fhirroute/fhir/10031285,Provider,Direct
Orthopaedic Specialists of Connecticut PC,https://fhir.fhirpoint.open.allscripts.com/fhirroute/fhir/10053987,Provider,Direct
Orthopedic Assoc Of Dayton,https://fhir.fhirpoint.open.allscripts.com/fhirroute/fhir/10028587,Provider,Direct
Orthopedic Associates of Central Texas,https://fhir.fhirpoint.open.allscripts.com/fhirroute/fhir/10480845,Provider,Direct
Orthopedic Specialists  S.C.,https://fhir.fhirpoint.open.allscripts.com/fhirroute/fhir/10009975,Provider,Direct
Our Family Doctor,https://fhir.fhirpoint.open.allscripts.com/fhirroute/fhir/10030532,Provider,Direct
Oxford Family Practice,https://fhir.fhirpoint.open.allscripts.com/fhirroute/fhir/76525,Provider,Direct
Ozark Surgical Group,https://fhir.fhirpoint.open.allscripts.com/fhirroute/fhir/0005626,Provider,Direct
Pacific Cardiovascular & Vein Institute,https://fhir.fhirpoint.open.allscripts.com/fhirroute/fhir/10039185,Provider,Direct
Padma Wijetilleke MD,https://fhir.fhirpoint.open.allscripts.com/fhirroute/fhir/74587,Provider,Direct
Paducah Primary Care,https://fhir.fhirpoint.open.allscripts.com/fhirroute/fhir/75719,Provider,Direct
Paducah Womens Clinic,https://fhir.fhirpoint.open.allscripts.com/fhirroute/fhir/75949,Provider,Direct
Pain Consultants of Florida,https://fhir.fhirpoint.open.allscripts.com/fhirroute/fhir/10083046,Provider,Direct
Pain Management & Injury Relief Medical Center,https://fhir.fhirpoint.open.allscripts.com/fhirroute/fhir/10062653,Provider,Direct
Pain Management Assoc  Pc,https://fhir.fhirpoint.open.allscripts.com/fhirroute/fhir/10047987,Provider,Direct
Pain Treatment Centers Of Il,https://fhir.fhirpoint.open.allscripts.com/fhirroute/fhir/71156,Provider,Direct
PainCare PA,https://fhir.fhirpoint.open.allscripts.com/fhirroute/fhir/10066099,Provider,Direct
Palisades Pediatrics,https://fhir.fhirpoint.open.allscripts.com/fhirroute/fhir/10062184,Provider,Direct
Palliative Carecenter Hospice Catawba VL,https://fhir.fhirpoint.open.allscripts.com/fhirroute/fhir/10046359,Provider,Direct
Pamela S Hodges Md,https://fhir.fhirpoint.open.allscripts.com/fhirroute/fhir/75419,Provider,Direct
Paragon Surgical Specialists,https://fhir.fhirpoint.open.allscripts.com/fhirroute/fhir/10029309,Provider,Direct
Paramount Care Physicians,https://fhir.fhirpoint.open.allscripts.com/fhirroute/fhir/10036785,Provider,Direct
Parimal J Soni Md Pc,https://fhir.fhirpoint.open.allscripts.com/fhirroute/fhir/13386,Provider,Direct
Park 55 Medical,https://fhir.fhirpoint.open.allscripts.com/fhirroute/fhir/75698,Provider,Direct
Park Avenue Associates In Internal Medicine,https://fhir.fhirpoint.open.allscripts.com/fhirroute/fhir/10040544,Provider,Direct
Park Avenue Concierge Medicine,https://fhir.fhirpoint.open.allscripts.com/fhirroute/fhir/10131778,Provider,Direct
Park Pediatrics,https://fhir.fhirpoint.open.allscripts.com/fhirroute/fhir/70566B,Provider,Direct
Parkersburg Cardiology Assoc,https://fhir.fhirpoint.open.allscripts.com/fhirroute/fhir/70219,Provider,Direct
Parkview Medical Clinic,https://fhir.fhirpoint.open.allscripts.com/fhirroute/fhir/10016452,Provider,Direct
Parkway General Surgeons,https://fhir.fhirpoint.open.allscripts.com/fhirroute/fhir/75802,Provider,Direct
Parkway Medical Association LLC,https://fhir.fhirpoint.open.allscripts.com/fhirroute/fhir/10419867,Provider,Direct
PartnerCare,https://fhir.fhirpoint.open.allscripts.com/fhirroute/fhir/10856849,Provider,Direct
Partners In Family Medicine,https://fhir.fhirpoint.open.allscripts.com/fhirroute/fhir/10042907,Provider,Direct
Partners in Freedom LLC,https://fhir.fhirpoint.open.allscripts.com/fhirroute/fhir/10034609,Provider,Direct
Partridge Family Physicians  P.C.,https://fhir.fhirpoint.open.allscripts.com/fhirroute/fhir/10059516,Provider,Direct
Patricia L James Md,https://fhir.fhirpoint.open.allscripts.com/fhirroute/fhir/74911,Provider,Direct
Patriot Family Medicine,https://fhir.fhirpoint.open.allscripts.com/fhirroute/fhir/10084073,Provider,Direct
Paul Murray MD,https://fhir.fhirpoint.open.allscripts.com/fhirroute/fhir/0009574,Provider,Direct
Paul T Smith Md Pc,https://fhir.fhirpoint.open.allscripts.com/fhirroute/fhir/75339,Provider,Direct
Pawsat & Maeda MD  PC,https://fhir.fhirpoint.open.allscripts.com/fhirroute/fhir/102796,Provider,Direct
Peachtree Neurological Clinic,https://fhir.fhirpoint.open.allscripts.com/fhirroute/fhir/57065,Provider,Direct
Peachtree Park Pediatrics  LLP,https://fhir.fhirpoint.open.allscripts.com/fhirroute/fhir/10039810,Provider,Direct
Peak Pediatrics,https://fhir.fhirpoint.open.allscripts.com/fhirroute/fhir/10036895,Provider,Direct
Peak View Internal Medicine,https://fhir.fhirpoint.open.allscripts.com/fhirroute/fhir/73016,Provider,Direct
Pedi Health  PLLC,https://fhir.fhirpoint.open.allscripts.com/fhirroute/fhir/10071523,Provider,Direct
Pediatric  Adolescent Medicin,https://fhir.fhirpoint.open.allscripts.com/fhirroute/fhir/72085,Provider,Direct
PEDIATRIC AND ADOLESCENT HEALTH,https://fhir.fhirpoint.open.allscripts.com/fhirroute/fhir/10078073,Provider,Direct
Pediatric Assoc Lewiston,https://fhir.fhirpoint.open.allscripts.com/fhirroute/fhir/10065368,Provider,Direct
Pediatric Assoc Of Davidson County,https://fhir.fhirpoint.open.allscripts.com/fhirroute/fhir/10030155,Provider,Direct
Pediatric Assoc Pa,https://fhir.fhirpoint.open.allscripts.com/fhirroute/fhir/0008935,Provider,Direct
Pediatric Associates of Springfield  Inc.,https://fhir.fhirpoint.open.allscripts.com/fhirroute/fhir/10033922,Provider,Direct
Pediatric Associates  PC,https://fhir.fhirpoint.open.allscripts.com/fhirroute/fhir/10463843,Provider,Direct
Pediatric Cardiology of Long Island,https://fhir.fhirpoint.open.allscripts.com/fhirroute/fhir/10064331,Provider,Direct
Pediatric Clinic LLC,https://fhir.fhirpoint.open.allscripts.com/fhirroute/fhir/10036293,Provider,Direct
Pediatric Gi Consultants Pc,https://fhir.fhirpoint.open.allscripts.com/fhirroute/fhir/73684,Provider,Direct
Pediatric Group Assoc,https://fhir.fhirpoint.open.allscripts.com/fhirroute/fhir/60199,Provider,Direct
Pediatric Immediate Care,https://fhir.fhirpoint.open.allscripts.com/fhirroute/fhir/10030714,Provider,Direct
Pediatric Medical Group of Riverside  Inc.,https://fhir.fhirpoint.open.allscripts.com/fhirroute/fhir/10016042,Provider,Direct
Pediatric Professionals P.C.,https://fhir.fhirpoint.open.allscripts.com/fhirroute/fhir/10008435,Provider,Direct
Pediatric TLC,https://fhir.fhirpoint.open.allscripts.com/fhirroute/fhir/10359864,Provider,Direct
Peele  Deeb Pa,https://fhir.fhirpoint.open.allscripts.com/fhirroute/fhir/71054,Provider,Direct
Peerless Pediatrics,https://fhir.fhirpoint.open.allscripts.com/fhirroute/fhir/0626300,Provider,Direct
Peoria Ear Nose  Throat,https://fhir.fhirpoint.open.allscripts.com/fhirroute/fhir/11381,Provider,Direct
Petoskey Family Medicine,https://fhir.fhirpoint.open.allscripts.com/fhirroute/fhir/61705,Provider,Direct
Physiatry Consultants,https://fhir.fhirpoint.open.allscripts.com/fhirroute/fhir/74335,Provider,Direct
Physicians Associates,https://fhir.fhirpoint.open.allscripts.com/fhirroute/fhir/10022711,Provider,Direct
Physicians Care of Virginia,https://fhir.fhirpoint.open.allscripts.com/fhirroute/fhir/10050184,Provider,Direct
Physicians Express LLC,https://fhir.fhirpoint.open.allscripts.com/fhirroute/fhir/10035676,Provider,Direct
Piedmont ENT,https://fhir.fhirpoint.open.allscripts.com/fhirroute/fhir/10058785,Provider,Direct
Piedmont Physical Med & Rehabilitation PA,https://fhir.fhirpoint.open.allscripts.com/fhirroute/fhir/0900388,Provider,Direct
Piedmont Surgical Clinic,https://fhir.fhirpoint.open.allscripts.com/fhirroute/fhir/901579,Provider,Direct
Pine Lake Health  LLC,https://fhir.fhirpoint.open.allscripts.com/fhirroute/fhir/10055547,Provider,Direct
Pinehurst Neurology,https://fhir.fhirpoint.open.allscripts.com/fhirroute/fhir/10038946,Provider,Direct
Pinelands Associates in Gynecology,https://fhir.fhirpoint.open.allscripts.com/fhirroute/fhir/75560,Provider,Direct
Pinion Orthopedics,https://fhir.fhirpoint.open.allscripts.com/fhirroute/fhir/71815,Provider,Direct
Pinnacle Healthcare,https://fhir.fhirpoint.open.allscripts.com/fhirroute/fhir/10006320,Provider,Direct
Pioneer Valley Surgical,https://fhir.fhirpoint.open.allscripts.com/fhirroute/fhir/75481,Provider,Direct
PITRODA MEDICAL LLC,https://fhir.fhirpoint.open.allscripts.com/fhirroute/fhir/74282,Provider,Direct
Pittsburgh Gastroenterology Associates,https://fhir.fhirpoint.open.allscripts.com/fhirroute/fhir/10043783,Provider,Direct
Plastic Surgeons of Lexington,https://fhir.fhirpoint.open.allscripts.com/fhirroute/fhir/70525B,Provider,Direct
Plastic Surgery Consultants Ltd,https://fhir.fhirpoint.open.allscripts.com/fhirroute/fhir/10012751,Provider,Direct
Plastic Surgery Consultants Ltd,https://fhir.fhirpoint.open.allscripts.com/fhirroute/fhir/10012743,Provider,Direct
Plum Creek Medical Group,https://fhir.fhirpoint.open.allscripts.com/fhirroute/fhir/10029540,Provider,Direct
Pocahontas Medical Clinic,https://fhir.fhirpoint.open.allscripts.com/fhirroute/fhir/10083519,Provider,Direct
Pomerene Hospital,https://fhir.fhirpoint.open.allscripts.com/fhirroute/fhir/10052317,Provider,Direct
Portsmouth Family Care Group,https://fhir.fhirpoint.open.allscripts.com/fhirroute/fhir/72813,Provider,Direct
Potomac Cardiovascular Consultants,https://fhir.fhirpoint.open.allscripts.com/fhirroute/fhir/10075308,Provider,Direct
Premier Health Assoc LLC,https://fhir.fhirpoint.open.allscripts.com/fhirroute/fhir/10048377,Provider,Direct
Premier Health Ctr  Internal Medicine,https://fhir.fhirpoint.open.allscripts.com/fhirroute/fhir/74522,Provider,Direct
Premier Healthcare Assoc Pc,https://fhir.fhirpoint.open.allscripts.com/fhirroute/fhir/76109,Provider,Direct
Premier Medical Housecall,https://fhir.fhirpoint.open.allscripts.com/fhirroute/fhir/10078713,Provider,Direct
Premier Orthopaedics and Sports Medicine Associates  LTD,https://fhir.fhirpoint.open.allscripts.com/fhirroute/fhir/10210802,Provider,Direct
Premier Primary Care  LLC,https://fhir.fhirpoint.open.allscripts.com/fhirroute/fhir/10063504,Provider,Direct
Premier Specialist in Infectious Disease,https://fhir.fhirpoint.open.allscripts.com/fhirroute/fhir/10082088,Provider,Direct
Premier Women s Health of Geauga LLC,https://fhir.fhirpoint.open.allscripts.com/fhirroute/fhir/10256802,Provider,Direct
Premier Womens Care,https://fhir.fhirpoint.open.allscripts.com/fhirroute/fhir/301343,Provider,Direct
Premier WomenS Health Assoc,https://fhir.fhirpoint.open.allscripts.com/fhirroute/fhir/77481,Provider,Direct
Preston Medical,https://fhir.fhirpoint.open.allscripts.com/fhirroute/fhir/0007447,Provider,Direct
Preterm Cleveland,https://fhir.fhirpoint.open.allscripts.com/fhirroute/fhir/10082700,Provider,Direct
Primary Care At Foxhall LLC,https://fhir.fhirpoint.open.allscripts.com/fhirroute/fhir/10030222,Provider,Direct
Primary Care Clinics Of Ga,https://fhir.fhirpoint.open.allscripts.com/fhirroute/fhir/9765,Provider,Direct
Primary Care Specialists,https://fhir.fhirpoint.open.allscripts.com/fhirroute/fhir/9530,Provider,Direct
PrimaryOne Health,https://fhir.fhirpoint.open.allscripts.com/fhirroute/fhir/10050830,Provider,Direct
PRINCETON OTOLARYNGOLOGY ASSOCIATES,https://fhir.fhirpoint.open.allscripts.com/fhirroute/fhir/10050802,Provider,Direct
Prism Medical Group,https://fhir.fhirpoint.open.allscripts.com/fhirroute/fhir/68164,Provider,Direct
Pro Sports Club,https://fhir.fhirpoint.open.allscripts.com/fhirroute/fhir/10028960,Provider,Direct
Proactive Care Professionals,https://fhir.fhirpoint.open.allscripts.com/fhirroute/fhir/0010926,Provider,Direct
Professional Orthopedic Medical Associat,https://fhir.fhirpoint.open.allscripts.com/fhirroute/fhir/10067025,Provider,Direct
Prompt Care Work Care  Ffs1,https://fhir.fhirpoint.open.allscripts.com/fhirroute/fhir/2918,Provider,Direct
Pulmonary & Sleep Associates of Marshall County,https://fhir.fhirpoint.open.allscripts.com/fhirroute/fhir/10043653,Provider,Direct
Pulmonary Allergy and Sleep,https://fhir.fhirpoint.open.allscripts.com/fhirroute/fhir/10030769,Provider,Direct
Pulmonary and Sleep Consultants,https://fhir.fhirpoint.open.allscripts.com/fhirroute/fhir/10075598,Provider,Direct
Pulmonary Assoc Of St Augustine,https://fhir.fhirpoint.open.allscripts.com/fhirroute/fhir/76218,Provider,Direct
Pulmonary Assoc PC,https://fhir.fhirpoint.open.allscripts.com/fhirroute/fhir/56481,Provider,Direct
Pulmonary Associates Of East Tennessee,https://fhir.fhirpoint.open.allscripts.com/fhirroute/fhir/0008892,Provider,Direct
Pulmonary Associates Of RichmondVA,https://fhir.fhirpoint.open.allscripts.com/fhirroute/fhir/10040511,Provider,Direct
Pulmonary Consultants and Sleep Disorders Center,https://fhir.fhirpoint.open.allscripts.com/fhirroute/fhir/10027540,Provider,Direct
Pulmonary Critical Care & Sleep Medicine Consultants,https://fhir.fhirpoint.open.allscripts.com/fhirroute/fhir/58414,Provider,Direct
Pulmonary Physicians,https://fhir.fhirpoint.open.allscripts.com/fhirroute/fhir/56545I,Provider,Direct
R Bauer Vaughters III MD,https://fhir.fhirpoint.open.allscripts.com/fhirroute/fhir/901966,Provider,Direct
R Bauer Vaughters III MD,https://fhir.fhirpoint.open.allscripts.com/fhirroute/fhir/0901966,Provider,Direct
R Swami Nathan Md,https://fhir.fhirpoint.open.allscripts.com/fhirroute/fhir/70568,Provider,Direct
Rafael E Quinonez Md,https://fhir.fhirpoint.open.allscripts.com/fhirroute/fhir/1700141D,Provider,Direct
Rainbow Pediatrics,https://fhir.fhirpoint.open.allscripts.com/fhirroute/fhir/68523AR,Provider,Direct
Rainbow Pediatrics of Fayetteville,https://fhir.fhirpoint.open.allscripts.com/fhirroute/fhir/57506,Provider,Direct
Rainelle Medical Center,https://fhir.fhirpoint.open.allscripts.com/fhirroute/fhir/10035997,Provider,Direct
Raleigh Endocrine Assoc,https://fhir.fhirpoint.open.allscripts.com/fhirroute/fhir/10031277,Provider,Direct
Raleigh Family Practice,https://fhir.fhirpoint.open.allscripts.com/fhirroute/fhir/10033325,Provider,Direct
Raleigh Medical Group,https://fhir.fhirpoint.open.allscripts.com/fhirroute/fhir/10029977,Provider,Direct
Raleigh Pediatrics Associates  PA,https://fhir.fhirpoint.open.allscripts.com/fhirroute/fhir/10019863,Provider,Direct
Raleigh Plastic Surgery CenterInc,https://fhir.fhirpoint.open.allscripts.com/fhirroute/fhir/10021427,Provider,Direct
Raleigh Vein And Laser Center,https://fhir.fhirpoint.open.allscripts.com/fhirroute/fhir/76146,Provider,Direct
Ram K Kamath MD Inc,https://fhir.fhirpoint.open.allscripts.com/fhirroute/fhir/10022640,Provider,Direct
Ram S Garg Md,https://fhir.fhirpoint.open.allscripts.com/fhirroute/fhir/10007671,Provider,Direct
Rappahannock Womens Health Ctr,https://fhir.fhirpoint.open.allscripts.com/fhirroute/fhir/77218,Provider,Direct
Raveen R Arora Md Facc,https://fhir.fhirpoint.open.allscripts.com/fhirroute/fhir/72514,Provider,Direct
Raymond Martinez MD,https://fhir.fhirpoint.open.allscripts.com/fhirroute/fhir/69325,Provider,Direct
RDMG Behavioral Health,https://fhir.fhirpoint.open.allscripts.com/fhirroute/fhir/11167844,Provider,Direct
Redwood Family Practice,https://fhir.fhirpoint.open.allscripts.com/fhirroute/fhir/10359873,Provider,Direct
Regional Cardiac Arrhythmia,https://fhir.fhirpoint.open.allscripts.com/fhirroute/fhir/10089100,Provider,Direct
Regional Gastroenterology of Lancaster  Ltd.,https://fhir.fhirpoint.open.allscripts.com/fhirroute/fhir/76577,Provider,Direct
Regional Internal Medicine Assoc,https://fhir.fhirpoint.open.allscripts.com/fhirroute/fhir/77292,Provider,Direct
Rehabilitation Physicians of Georgia,https://fhir.fhirpoint.open.allscripts.com/fhirroute/fhir/10390886,Provider,Direct
Rejuvinix LLC,https://fhir.fhirpoint.open.allscripts.com/fhirroute/fhir/10238913,Provider,Direct
Relieve Pain Center Inc,https://fhir.fhirpoint.open.allscripts.com/fhirroute/fhir/10228338,Provider,Direct
Renal Associates PC,https://fhir.fhirpoint.open.allscripts.com/fhirroute/fhir/10057178,Provider,Direct
Renuka Harsh Md,https://fhir.fhirpoint.open.allscripts.com/fhirroute/fhir/73435,Provider,Direct
Reproductive Medicine Associates PA,https://fhir.fhirpoint.open.allscripts.com/fhirroute/fhir/10054610,Provider,Direct
Respiratory Critical Care and Sleep Medicine Assoc,https://fhir.fhirpoint.open.allscripts.com/fhirroute/fhir/10146739,Provider,Direct
Reston Pediatrics Associates,https://fhir.fhirpoint.open.allscripts.com/fhirroute/fhir/10041335,Provider,Direct
Revan Maragiri MD PLC,https://fhir.fhirpoint.open.allscripts.com/fhirroute/fhir/77119,Provider,Direct
Riad G. Khoury PC d/b/a Premier Pain Management,https://fhir.fhirpoint.open.allscripts.com/fhirroute/fhir/10063509,Provider,Direct
Ricardo Cabrera Md,https://fhir.fhirpoint.open.allscripts.com/fhirroute/fhir/76522,Provider,Direct
Richmond ENT,https://fhir.fhirpoint.open.allscripts.com/fhirroute/fhir/10068515,Provider,Direct
Rio Orthopedics and Sports Medicine PLLC,https://fhir.fhirpoint.open.allscripts.com/fhirroute/fhir/10446847,Provider,Direct
River Road Pediatrics,https://fhir.fhirpoint.open.allscripts.com/fhirroute/fhir/56680,Provider,Direct
Riverbend Health Care  P. C.,https://fhir.fhirpoint.open.allscripts.com/fhirroute/fhir/10028910,Provider,Direct
Riverview Primary Care,https://fhir.fhirpoint.open.allscripts.com/fhirroute/fhir/57216,Provider,Direct
Riverwalk ObGYN PLLC,https://fhir.fhirpoint.open.allscripts.com/fhirroute/fhir/0700345,Provider,Direct
Robert Caputo Do,https://fhir.fhirpoint.open.allscripts.com/fhirroute/fhir/73343,Provider,Direct
Robert E Barkett Md,https://fhir.fhirpoint.open.allscripts.com/fhirroute/fhir/75694,Provider,Direct
Robert Johnson DPM,https://fhir.fhirpoint.open.allscripts.com/fhirroute/fhir/78179,Provider,Direct
Robert L McKowen MD,https://fhir.fhirpoint.open.allscripts.com/fhirroute/fhir/73916S,Provider,Direct
Robert Trent Md,https://fhir.fhirpoint.open.allscripts.com/fhirroute/fhir/0009775,Provider,Direct
Rochester Endocrinology,https://fhir.fhirpoint.open.allscripts.com/fhirroute/fhir/10050953,Provider,Direct
Rochester Gastro Assoc,https://fhir.fhirpoint.open.allscripts.com/fhirroute/fhir/70584,Provider,Direct
Rochester Hills Orthopedics and Sports Medicine,https://fhir.fhirpoint.open.allscripts.com/fhirroute/fhir/10245849,Provider,Direct
Rockwood Medical Clinic,https://fhir.fhirpoint.open.allscripts.com/fhirroute/fhir/57538,Provider,Direct
Rocky Mount Urology,https://fhir.fhirpoint.open.allscripts.com/fhirroute/fhir/0001314,Provider,Direct
Rocky Mountain Gastro Assoc,https://fhir.fhirpoint.open.allscripts.com/fhirroute/fhir/10039227,Provider,Direct
Rocky Point Medical Center,https://fhir.fhirpoint.open.allscripts.com/fhirroute/fhir/77068,Provider,Direct
Rogue River Family Practice,https://fhir.fhirpoint.open.allscripts.com/fhirroute/fhir/10359843,Provider,Direct
Rome Gastroenterology Associates,https://fhir.fhirpoint.open.allscripts.com/fhirroute/fhir/10034072,Provider,Direct
Rome Orthopaedic Clinic,https://fhir.fhirpoint.open.allscripts.com/fhirroute/fhir/10049550,Provider,Direct
Rosemarie Tweed Do Apc,https://fhir.fhirpoint.open.allscripts.com/fhirroute/fhir/72820,Provider,Direct
Ruslana Kadze MD,https://fhir.fhirpoint.open.allscripts.com/fhirroute/fhir/77624,Provider,Direct
Russellville Pediatric Adolescent Clinic,https://fhir.fhirpoint.open.allscripts.com/fhirroute/fhir/10132763,Provider,Direct
Ruth Ann Cooper DPM,https://fhir.fhirpoint.open.allscripts.com/fhirroute/fhir/10044396,Provider,Direct
RVA Pediatrics,https://fhir.fhirpoint.open.allscripts.com/fhirroute/fhir/10032261,Provider,Direct
Rye Wellness Center,https://fhir.fhirpoint.open.allscripts.com/fhirroute/fhir/10967842,Provider,Direct
Saba Pediatric Medicine  LLC.,https://fhir.fhirpoint.open.allscripts.com/fhirroute/fhir/10033893,Provider,Direct
Saeed A Siddiqui Md,https://fhir.fhirpoint.open.allscripts.com/fhirroute/fhir/77569,Provider,Direct
Saint Sophie s,https://fhir.fhirpoint.open.allscripts.com/fhirroute/fhir/10031534,Provider,Direct
Salas Minor Emergency Center,https://fhir.fhirpoint.open.allscripts.com/fhirroute/fhir/10031554,Provider,Direct
Salem Chest Specialists,https://fhir.fhirpoint.open.allscripts.com/fhirroute/fhir/10058810,Provider,Direct
Salud Y Vida,https://fhir.fhirpoint.open.allscripts.com/fhirroute/fhir/10045553,Provider,Direct
Sam Messieh  Md,https://fhir.fhirpoint.open.allscripts.com/fhirroute/fhir/10041293,Provider,Direct
Sama Healthcare Services,https://fhir.fhirpoint.open.allscripts.com/fhirroute/fhir/10032309,Provider,Direct
Samy K Metyas Md,https://fhir.fhirpoint.open.allscripts.com/fhirroute/fhir/75376,Provider,Direct
San Antonio Kidney,https://fhir.fhirpoint.open.allscripts.com/fhirroute/fhir/10038025,Provider,Direct
San Diego Hand Specialists,https://fhir.fhirpoint.open.allscripts.com/fhirroute/fhir/73449,Provider,Direct
San Dimas Medical Group,https://fhir.fhirpoint.open.allscripts.com/fhirroute/fhir/10039556,Provider,Direct
San Lucas Pediatric,https://fhir.fhirpoint.open.allscripts.com/fhirroute/fhir/77997,Provider,Direct
Sandhill Medical Foundation,https://fhir.fhirpoint.open.allscripts.com/fhirroute/fhir/10045207,Provider,Direct
Sandhills Behavior Care,https://fhir.fhirpoint.open.allscripts.com/fhirroute/fhir/10512842,Provider,Direct
Sanford Medical Corp,https://fhir.fhirpoint.open.allscripts.com/fhirroute/fhir/69838,Provider,Direct
Santa Rosa Orthopaedics  Sprt,https://fhir.fhirpoint.open.allscripts.com/fhirroute/fhir/10007500,Provider,Direct
SAPC,https://fhir.fhirpoint.open.allscripts.com/fhirroute/fhir/10078825,Provider,Direct
SAS Institute Inc.,https://fhir.fhirpoint.open.allscripts.com/fhirroute/fhir/10038947,Provider,Direct
Scottsdale Neurology  PLLC,https://fhir.fhirpoint.open.allscripts.com/fhirroute/fhir/58235,Provider,Direct
Seale Harris Clinic  P.C.,https://fhir.fhirpoint.open.allscripts.com/fhirroute/fhir/10041301,Provider,Direct
Seashore Pediatrics,https://fhir.fhirpoint.open.allscripts.com/fhirroute/fhir/10060813,Provider,Direct
Senior Health Assoc  P. A,https://fhir.fhirpoint.open.allscripts.com/fhirroute/fhir/10012720,Provider,Direct
Shady Grove Pediatrics,https://fhir.fhirpoint.open.allscripts.com/fhirroute/fhir/76838B,Provider,Direct
Shafi Khalid Md,https://fhir.fhirpoint.open.allscripts.com/fhirroute/fhir/1700141B,Provider,Direct
Shaikh Medical Clinic,https://fhir.fhirpoint.open.allscripts.com/fhirroute/fhir/70576,Provider,Direct
Sharad Soni Md,https://fhir.fhirpoint.open.allscripts.com/fhirroute/fhir/77378,Provider,Direct
Sharon M Laughlin MD INC,https://fhir.fhirpoint.open.allscripts.com/fhirroute/fhir/75237,Provider,Direct
Shelby Internal Medicine Inc,https://fhir.fhirpoint.open.allscripts.com/fhirroute/fhir/10154,Provider,Direct
Shelby Primary Care,https://fhir.fhirpoint.open.allscripts.com/fhirroute/fhir/10009681,Provider,Direct
Shelby Surgical Assoc,https://fhir.fhirpoint.open.allscripts.com/fhirroute/fhir/75721,Provider,Direct
Shelly N Savant Md,https://fhir.fhirpoint.open.allscripts.com/fhirroute/fhir/77622,Provider,Direct
Sherry Thomas MD,https://fhir.fhirpoint.open.allscripts.com/fhirroute/fhir/10064234,Provider,Direct
Shingletown Medical Center,https://fhir.fhirpoint.open.allscripts.com/fhirroute/fhir/10020344,Provider,Direct
Shore Orthopedics Inc dba The Orthopedic Center,https://fhir.fhirpoint.open.allscripts.com/fhirroute/fhir/10020533,Provider,Direct
Shore Primary Care,https://fhir.fhirpoint.open.allscripts.com/fhirroute/fhir/76112,Provider,Direct
Sierra Women s Health,https://fhir.fhirpoint.open.allscripts.com/fhirroute/fhir/10029445,Provider,Direct
Silver Pine Family Practice,https://fhir.fhirpoint.open.allscripts.com/fhirroute/fhir/10031459,Provider,Direct
Siskin Physical Medicine & Rehabilitation (PM&R),https://fhir.fhirpoint.open.allscripts.com/fhirroute/fhir/11164841,Provider,Direct
Siskiyou Pediatric Clinic LLP,https://fhir.fhirpoint.open.allscripts.com/fhirroute/fhir/10359859,Provider,Direct
SJC MS General Surgery LLC,https://fhir.fhirpoint.open.allscripts.com/fhirroute/fhir/11213845,Provider,Direct
Skin and Wellness Center,https://fhir.fhirpoint.open.allscripts.com/fhirroute/fhir/10039290,Provider,Direct
Sleep Center at Comprehensive,https://fhir.fhirpoint.open.allscripts.com/fhirroute/fhir/10071175,Provider,Direct
Sleep Disorder Center Of Louisiana,https://fhir.fhirpoint.open.allscripts.com/fhirroute/fhir/58148,Provider,Direct
Sleep Medicine Institute of Texas PA,https://fhir.fhirpoint.open.allscripts.com/fhirroute/fhir/10063011,Provider,Direct
SOAR Spine and Orthopedics,https://fhir.fhirpoint.open.allscripts.com/fhirroute/fhir/10063844,Provider,Direct
Somerset Family Medicine,https://fhir.fhirpoint.open.allscripts.com/fhirroute/fhir/77825,Provider,Direct
Sonder Behavioral Health & Wellness,https://fhir.fhirpoint.open.allscripts.com/fhirroute/fhir/10653841,Provider,Direct
Sonia Panjwani MD,https://fhir.fhirpoint.open.allscripts.com/fhirroute/fhir/10022630,Provider,Direct
South Baldwin Pediatrics,https://fhir.fhirpoint.open.allscripts.com/fhirroute/fhir/75219,Provider,Direct
South Charlotte Dermatology,https://fhir.fhirpoint.open.allscripts.com/fhirroute/fhir/10055921,Provider,Direct
South Dayton Acute Care Consultants,https://fhir.fhirpoint.open.allscripts.com/fhirroute/fhir/10024254,Provider,Direct
South FL Vascular Associates,https://fhir.fhirpoint.open.allscripts.com/fhirroute/fhir/10373841,Provider,Direct
South Florida Surgical Specialists,https://fhir.fhirpoint.open.allscripts.com/fhirroute/fhir/72982AD,Provider,Direct
South Texas Kidney Specialist,https://fhir.fhirpoint.open.allscripts.com/fhirroute/fhir/10045871,Provider,Direct
Southcoast Medical,https://fhir.fhirpoint.open.allscripts.com/fhirroute/fhir/10032165,Provider,Direct
Southeast Asthma & Allergy Center,https://fhir.fhirpoint.open.allscripts.com/fhirroute/fhir/0401176,Provider,Direct
Southeast Denver Pediatrics,https://fhir.fhirpoint.open.allscripts.com/fhirroute/fhir/10042366,Provider,Direct
Southeast Medical Group  PC,https://fhir.fhirpoint.open.allscripts.com/fhirroute/fhir/10022251,Provider,Direct
Southern California Heart Specialists,https://fhir.fhirpoint.open.allscripts.com/fhirroute/fhir/10039761,Provider,Direct
Southern California Neurology Consultant,https://fhir.fhirpoint.open.allscripts.com/fhirroute/fhir/75725,Provider,Direct
Southern Crescent Primary Care,https://fhir.fhirpoint.open.allscripts.com/fhirroute/fhir/1700039,Provider,Direct
Southern Hills Pediatrics,https://fhir.fhirpoint.open.allscripts.com/fhirroute/fhir/74009,Provider,Direct
Southern Indiana Community Health Care,https://fhir.fhirpoint.open.allscripts.com/fhirroute/fhir/10035042,Provider,Direct
Southern NH Internal Medicine,https://fhir.fhirpoint.open.allscripts.com/fhirroute/fhir/10028236,Provider,Direct
Southern ObGyn Assoc,https://fhir.fhirpoint.open.allscripts.com/fhirroute/fhir/10012164,Provider,Direct
Southern Orthopaedic Specialists,https://fhir.fhirpoint.open.allscripts.com/fhirroute/fhir/10005578,Provider,Direct
Southfield Pediatric Physicians  P.C.,https://fhir.fhirpoint.open.allscripts.com/fhirroute/fhir/0005015,Provider,Direct
Southpointe Family Physicians,https://fhir.fhirpoint.open.allscripts.com/fhirroute/fhir/57406,Provider,Direct
Southport Pulmonary Medicine,https://fhir.fhirpoint.open.allscripts.com/R4/fhir-A15-FhirPoint-Echo?cust=75473,Provider,Direct
Southport Pulmonary Medicine,https://fhir.fhirpoint.open.allscripts.com/fhirroute/fhir/75473,Provider,Direct
Southside Medical Care,https://fhir.fhirpoint.open.allscripts.com/fhirroute/fhir/59551,Provider,Direct
Southside Pediatrics,https://fhir.fhirpoint.open.allscripts.com/fhirroute/fhir/101694,Provider,Direct
Southside Surgery,https://fhir.fhirpoint.open.allscripts.com/fhirroute/fhir/10083033,Provider,Direct
Southview Medical Group,https://fhir.fhirpoint.open.allscripts.com/fhirroute/fhir/10045969,Provider,Direct
Southwest Center Of Aging,https://fhir.fhirpoint.open.allscripts.com/fhirroute/fhir/75335,Provider,Direct
Southwest Family Medicine,https://fhir.fhirpoint.open.allscripts.com/fhirroute/fhir/10033441,Provider,Direct
Southwest General Health Center,https://fhir.fhirpoint.open.allscripts.com/fhirroute/fhir/56735,Provider,Direct
SOUTHWEST GEORGIA NEPHROLOGY CLINIC  P.C.,https://fhir.fhirpoint.open.allscripts.com/fhirroute/fhir/10035326,Provider,Direct
Southwest Medical Consultants,https://fhir.fhirpoint.open.allscripts.com/fhirroute/fhir/61026,Provider,Direct
Specialty Clinics Of Dallas,https://fhir.fhirpoint.open.allscripts.com/fhirroute/fhir/73872,Provider,Direct
Specialty Clinics of GA Orthopaedics,https://fhir.fhirpoint.open.allscripts.com/fhirroute/fhir/10047225,Provider,Direct
Specialty Orthopaedics Psc,https://fhir.fhirpoint.open.allscripts.com/fhirroute/fhir/0007596,Provider,Direct
Specialty Physicians Assoc,https://fhir.fhirpoint.open.allscripts.com/fhirroute/fhir/76651,Provider,Direct
SPECTRUM MEDICAL INC,https://fhir.fhirpoint.open.allscripts.com/fhirroute/fhir/10061808,Provider,Direct
Spindale Family Practice,https://fhir.fhirpoint.open.allscripts.com/fhirroute/fhir/0010664,Provider,Direct
Spine Center,https://fhir.fhirpoint.open.allscripts.com/fhirroute/fhir/10089319,Provider,Direct
Spine Institute of the Carolinas,https://fhir.fhirpoint.open.allscripts.com/fhirroute/fhir/59277,Provider,Direct
Spine Physicians Institute,https://fhir.fhirpoint.open.allscripts.com/fhirroute/fhir/74854,Provider,Direct
Spine Specialists Of Michigan,https://fhir.fhirpoint.open.allscripts.com/fhirroute/fhir/10011166,Provider,Direct
Spinecare Assoc Llc Dba Florida Spine Institute,https://fhir.fhirpoint.open.allscripts.com/fhirroute/fhir/10038935,Provider,Direct
Springhill Medical Group,https://fhir.fhirpoint.open.allscripts.com/fhirroute/fhir/0006798,Provider,Direct
St Augustine Cardiology Associates,https://fhir.fhirpoint.open.allscripts.com/fhirroute/fhir/77822,Provider,Direct
St Clair Specialty Physicians Pc,https://fhir.fhirpoint.open.allscripts.com/fhirroute/fhir/10016169,Provider,Direct
St Clair Vascular,https://fhir.fhirpoint.open.allscripts.com/fhirroute/fhir/56101,Provider,Direct
St George Medical Clinic,https://fhir.fhirpoint.open.allscripts.com/fhirroute/fhir/10031613,Provider,Direct
St Josephs Cardiology Group LLC,https://fhir.fhirpoint.open.allscripts.com/fhirroute/fhir/10083020,Provider,Direct
ST LOUIS NEUROLOGY ASSOCIATES,https://fhir.fhirpoint.open.allscripts.com/fhirroute/fhir/73791,Provider,Direct
Stacie L Grossfeld Md,https://fhir.fhirpoint.open.allscripts.com/fhirroute/fhir/75170,Provider,Direct
Stamford Pediatric Associates  PC,https://fhir.fhirpoint.open.allscripts.com/fhirroute/fhir/10038910,Provider,Direct
Stanley Park Family Care,https://fhir.fhirpoint.open.allscripts.com/fhirroute/fhir/71153,Provider,Direct
Starbuck Clinic,https://fhir.fhirpoint.open.allscripts.com/fhirroute/fhir/57513,Provider,Direct
Stark County Womens Clinic,https://fhir.fhirpoint.open.allscripts.com/fhirroute/fhir/69279,Provider,Direct
State Of Franklin Healthcare Associates,https://fhir.fhirpoint.open.allscripts.com/fhirroute/fhir/10036056,Provider,Direct
Stephen B Sherer Md,https://fhir.fhirpoint.open.allscripts.com/fhirroute/fhir/72630,Provider,Direct
Sterling Physicians,https://fhir.fhirpoint.open.allscripts.com/fhirroute/fhir/10029915,Provider,Direct
Steve Pence MD,https://fhir.fhirpoint.open.allscripts.com/fhirroute/fhir/0007260,Provider,Direct
Steven Jay Levine Md,https://fhir.fhirpoint.open.allscripts.com/fhirroute/fhir/77052,Provider,Direct
Stockton Urgent Care,https://fhir.fhirpoint.open.allscripts.com/fhirroute/fhir/73564,Provider,Direct
Stone Run Family Medicine,https://fhir.fhirpoint.open.allscripts.com/fhirroute/fhir/10045644,Provider,Direct
Stonebrooke Family Physicians,https://fhir.fhirpoint.open.allscripts.com/fhirroute/fhir/10031143,Provider,Direct
Stoney Batter Family Medicine,https://fhir.fhirpoint.open.allscripts.com/fhirroute/fhir/10041786,Provider,Direct
Summit Medical Clinic  PC,https://fhir.fhirpoint.open.allscripts.com/fhirroute/fhir/11135,Provider,Direct
Sumter Internal Medicine,https://fhir.fhirpoint.open.allscripts.com/fhirroute/fhir/1700217,Provider,Direct
Sun City Pediatrics  PA,https://fhir.fhirpoint.open.allscripts.com/fhirroute/fhir/10055658,Provider,Direct
Suncoast Family Medical Assoc,https://fhir.fhirpoint.open.allscripts.com/fhirroute/fhir/75400,Provider,Direct
Suncoast Premier Medical Llc,https://fhir.fhirpoint.open.allscripts.com/fhirroute/fhir/10062579,Provider,Direct
Sunflower Medical Group,https://fhir.fhirpoint.open.allscripts.com/fhirroute/fhir/10035087,Provider,Direct
Sunrise Pediatric Associates,https://fhir.fhirpoint.open.allscripts.com/fhirroute/fhir/10067169,Provider,Direct
Sunrise Urology  PC,https://fhir.fhirpoint.open.allscripts.com/fhirroute/fhir/10033346,Provider,Direct
Sunshine Pediatric Partners  LLC,https://fhir.fhirpoint.open.allscripts.com/fhirroute/fhir/10613857,Provider,Direct
Superior ENT,https://fhir.fhirpoint.open.allscripts.com/fhirroute/fhir/0005394,Provider,Direct
Surfside Pediatrics,https://fhir.fhirpoint.open.allscripts.com/fhirroute/fhir/11218,Provider,Direct
Surgeons Of North Baldwin,https://fhir.fhirpoint.open.allscripts.com/fhirroute/fhir/10044876,Provider,Direct
Surgeons of South Texas,https://fhir.fhirpoint.open.allscripts.com/fhirroute/fhir/1700006J,Provider,Direct
Surgery Center Plus,https://fhir.fhirpoint.open.allscripts.com/fhirroute/fhir/10036782,Provider,Direct
Surgical Assoc Of Albany PC,https://fhir.fhirpoint.open.allscripts.com/fhirroute/fhir/0002482,Provider,Direct
Surgical Assoc Of Marquette Pc,https://fhir.fhirpoint.open.allscripts.com/fhirroute/fhir/10051505,Provider,Direct
Surgical Assoc Of North Alabama ,https://fhir.fhirpoint.open.allscripts.com/fhirroute/fhir/10031688,Provider,Direct
Surgical Associates Northwest,https://fhir.fhirpoint.open.allscripts.com/fhirroute/fhir/74280,Provider,Direct
Surgical Oncology and General Surgery PC,https://fhir.fhirpoint.open.allscripts.com/fhirroute/fhir/10071085,Provider,Direct
Susan E Dick MD,https://fhir.fhirpoint.open.allscripts.com/fhirroute/fhir/76364,Provider,Direct
Suying L Song Md,https://fhir.fhirpoint.open.allscripts.com/fhirroute/fhir/76802,Provider,Direct
SV4Play,https://fhir.fhirpoint.open.allscripts.com/fhirroute/fhir/SV4PLAY,Provider,Direct
SV5Play,https://fhir.fhirpoint.open.allscripts.com/fhirroute/fhir/SV5PLAY,Provider,Direct
SWAT Surgical Associates  L.L.P.,https://fhir.fhirpoint.open.allscripts.com/fhirroute/fhir/10017699,Provider,Direct
Syed A. A. Zaidi MD PLLC,https://fhir.fhirpoint.open.allscripts.com/fhirroute/fhir/10376,Provider,Direct
Syed Ahmad Md,https://fhir.fhirpoint.open.allscripts.com/fhirroute/fhir/72541,Provider,Direct
Syed M Shah Md,https://fhir.fhirpoint.open.allscripts.com/fhirroute/fhir/77317,Provider,Direct
Syed R Rashid  MD LLC,https://fhir.fhirpoint.open.allscripts.com/fhirroute/fhir/75268,Provider,Direct
Syeda Ali Md,https://fhir.fhirpoint.open.allscripts.com/fhirroute/fhir/77473,Provider,Direct
Sylvia Preciado MD,https://fhir.fhirpoint.open.allscripts.com/fhirroute/fhir/10063665,Provider,Direct
T. Ramesh Md  Pc,https://fhir.fhirpoint.open.allscripts.com/fhirroute/fhir/83594,Provider,Direct
Tallahassee Medical Group,https://fhir.fhirpoint.open.allscripts.com/fhirroute/fhir/10857851,Provider,Direct
Tallahassee Primary Care Associates,https://fhir.fhirpoint.open.allscripts.com/fhirroute/fhir/10041264,Provider,Direct
Tampa Bay Surgery Specialists,https://fhir.fhirpoint.open.allscripts.com/fhirroute/fhir/10042734,Provider,Direct
Tampa Bay Surgical Group Llp,https://fhir.fhirpoint.open.allscripts.com/fhirroute/fhir/10034762,Provider,Direct
Tandigm Physician Services LLC,https://fhir.fhirpoint.open.allscripts.com/fhirroute/fhir/10035990,Provider,Direct
Tappahannock Foot and Ankle Specialist INC,https://fhir.fhirpoint.open.allscripts.com/fhirroute/fhir/74975,Provider,Direct
Tarrant Community Pediatric,https://fhir.fhirpoint.open.allscripts.com/fhirroute/fhir/75832,Provider,Direct
Taylor County Family Practice,https://fhir.fhirpoint.open.allscripts.com/fhirroute/fhir/78058,Provider,Direct
Taylor Regional Hospital,https://fhir.fhirpoint.open.allscripts.com/fhirroute/fhir/10021523,Provider,Direct
Tch Family Medical Clinic,https://fhir.fhirpoint.open.allscripts.com/fhirroute/fhir/10043431,Provider,Direct
Teresa Marquez Smith Md,https://fhir.fhirpoint.open.allscripts.com/fhirroute/fhir/72399,Provider,Direct
Texas Breast Specialist,https://fhir.fhirpoint.open.allscripts.com/fhirroute/fhir/10057691,Provider,Direct
The Birth Center DBA Lifecycle Wellness and Birth Center,https://fhir.fhirpoint.open.allscripts.com/fhirroute/fhir/68519,Provider,Direct
The Center For Urologic Special,https://fhir.fhirpoint.open.allscripts.com/fhirroute/fhir/71942,Provider,Direct
The Childhealth Center  PA,https://fhir.fhirpoint.open.allscripts.com/fhirroute/fhir/10020578,Provider,Direct
The Children s Clinic,https://fhir.fhirpoint.open.allscripts.com/fhirroute/fhir/10033470,Provider,Direct
The Childrens Clinic LLC,https://fhir.fhirpoint.open.allscripts.com/fhirroute/fhir/0003374,Provider,Direct
The Clinic For Neurology Pa,https://fhir.fhirpoint.open.allscripts.com/fhirroute/fhir/77174,Provider,Direct
The Endocrine Clinic,https://fhir.fhirpoint.open.allscripts.com/fhirroute/fhir/0009833,Provider,Direct
The Family Doctors,https://fhir.fhirpoint.open.allscripts.com/fhirroute/fhir/10010297,Provider,Direct
The Family Health Centers PA,https://fhir.fhirpoint.open.allscripts.com/fhirroute/fhir/10038480,Provider,Direct
The Foot Doctors Pc,https://fhir.fhirpoint.open.allscripts.com/fhirroute/fhir/72886,Provider,Direct
The Greenville Clinic,https://fhir.fhirpoint.open.allscripts.com/fhirroute/fhir/10044238,Provider,Direct
The Kidney Center,https://fhir.fhirpoint.open.allscripts.com/fhirroute/fhir/900999,Provider,Direct
The Medical Center of Elberton  LLP,https://fhir.fhirpoint.open.allscripts.com/fhirroute/fhir/56148,Provider,Direct
The Medical Practice,https://fhir.fhirpoint.open.allscripts.com/fhirroute/fhir/70036LV,Provider,Direct
The Pain and Headache Center,https://fhir.fhirpoint.open.allscripts.com/fhirroute/fhir/10064332,Provider,Direct
The Pediatric Center,https://fhir.fhirpoint.open.allscripts.com/fhirroute/fhir/57969,Provider,Direct
The Pediatric Center  LLC,https://fhir.fhirpoint.open.allscripts.com/fhirroute/fhir/10023096,Provider,Direct
The Pediatric Ctr Of Southwest Louisiana,https://fhir.fhirpoint.open.allscripts.com/fhirroute/fhir/10034696,Provider,Direct
The Pediatric Ctr Of Southwest Louisiana,https://fhir.fhirpoint.open.allscripts.com/fhirroute/fhir/58207,Provider,Direct
The Pediatric Place PC,https://fhir.fhirpoint.open.allscripts.com/fhirroute/fhir/73005,Provider,Direct
The Vein & Vascular Institute,https://fhir.fhirpoint.open.allscripts.com/fhirroute/fhir/10019157,Provider,Direct
The Village Primary Care,https://fhir.fhirpoint.open.allscripts.com/fhirroute/fhir/72669,Provider,Direct
The WomenS Center,https://fhir.fhirpoint.open.allscripts.com/fhirroute/fhir/76159,Provider,Direct
The Woodlands Sports Medicine Centre,https://fhir.fhirpoint.open.allscripts.com/fhirroute/fhir/10014069,Provider,Direct
The Youth Clinic,https://fhir.fhirpoint.open.allscripts.com/fhirroute/fhir/0002961,Provider,Direct
Think Whole Person Healthcare,https://fhir.fhirpoint.open.allscripts.com/fhirroute/fhir/10070043,Provider,Direct
Thomas E Jackson Md,https://fhir.fhirpoint.open.allscripts.com/fhirroute/fhir/0011453,Provider,Direct
Thomaston Medical Clinic  PC,https://fhir.fhirpoint.open.allscripts.com/fhirroute/fhir/69207,Provider,Direct
Thornapple Valley Family Physicians,https://fhir.fhirpoint.open.allscripts.com/fhirroute/fhir/10006963,Provider,Direct
Thrush & Clark Allergists PLLC,https://fhir.fhirpoint.open.allscripts.com/fhirroute/fhir/0000929,Provider,Direct
Tidewater Endocrine Consultant,https://fhir.fhirpoint.open.allscripts.com/fhirroute/fhir/10050270,Provider,Direct
Tidewater Kidney Specialists,https://fhir.fhirpoint.open.allscripts.com/fhirroute/fhir/0010197,Provider,Direct
Tim Canty Md,https://fhir.fhirpoint.open.allscripts.com/fhirroute/fhir/77721,Provider,Direct
Tishomingo Doctors Med Clinic,https://fhir.fhirpoint.open.allscripts.com/fhirroute/fhir/71564,Provider,Direct
Total Health Medical Center,https://fhir.fhirpoint.open.allscripts.com/fhirroute/fhir/78011,Provider,Direct
TOTAL ORTHOPAEDICS AND SPORTS MEDICINE LLP,https://fhir.fhirpoint.open.allscripts.com/fhirroute/fhir/11193844,Provider,Direct
Touro University,https://fhir.fhirpoint.open.allscripts.com/fhirroute/fhir/10055927,Provider,Direct
TOWSON ORTHOPAEDIC ASSOCIATES,https://fhir.fhirpoint.open.allscripts.com/fhirroute/fhir/10012494,Provider,Direct
Treasure Coast Cardiology PA,https://fhir.fhirpoint.open.allscripts.com/fhirroute/fhir/59047,Provider,Direct
Trenton Medical Clinic PLLC,https://fhir.fhirpoint.open.allscripts.com/fhirroute/fhir/76393,Provider,Direct
Tri-State Urologic Services,https://fhir.fhirpoint.open.allscripts.com/fhirroute/fhir/10045244,Provider,Direct
Triad Internal Medicine,https://fhir.fhirpoint.open.allscripts.com/fhirroute/fhir/11062841,Provider,Direct
Triangle Community Physicians PA,https://fhir.fhirpoint.open.allscripts.com/fhirroute/fhir/0006721,Provider,Direct
Triangle Gastroenterology,https://fhir.fhirpoint.open.allscripts.com/fhirroute/fhir/60532,Provider,Direct
Triangle Primary Care Assoc,https://fhir.fhirpoint.open.allscripts.com/fhirroute/fhir/71198,Provider,Direct
Triangle Urology Assoc PA,https://fhir.fhirpoint.open.allscripts.com/fhirroute/fhir/59141,Provider,Direct
Trika Medical Center,https://fhir.fhirpoint.open.allscripts.com/fhirroute/fhir/73828,Provider,Direct
Triple O Medical,https://fhir.fhirpoint.open.allscripts.com/fhirroute/fhir/75517,Provider,Direct
TriState Pulmonary Medicine,https://fhir.fhirpoint.open.allscripts.com/fhirroute/fhir/1700025C,Provider,Direct
Troy Family Practice PLLC,https://fhir.fhirpoint.open.allscripts.com/fhirroute/fhir/10034250,Provider,Direct
Troy Internal Medicine,https://fhir.fhirpoint.open.allscripts.com/fhirroute/fhir/69756,Provider,Direct
Troy ObGyn,https://fhir.fhirpoint.open.allscripts.com/fhirroute/fhir/70553,Provider,Direct
Tucker Psychiatric Clinic,https://fhir.fhirpoint.open.allscripts.com/fhirroute/fhir/10020741,Provider,Direct
Tuscarawas County Health Department,https://fhir.fhirpoint.open.allscripts.com/fhirroute/fhir/10166770,Provider,Direct
Tuscarawas County Medical,https://fhir.fhirpoint.open.allscripts.com/fhirroute/fhir/10022918,Provider,Direct
Tustin Irvine Internal Med Grp,https://fhir.fhirpoint.open.allscripts.com/fhirroute/fhir/71155,Provider,Direct
Twin Cities Cardiology PLLC,https://fhir.fhirpoint.open.allscripts.com/fhirroute/fhir/11508842,Provider,Direct
Union Medical Center,https://fhir.fhirpoint.open.allscripts.com/fhirroute/fhir/76296,Provider,Direct
United Pediatrics,https://fhir.fhirpoint.open.allscripts.com/fhirroute/fhir/71674,Provider,Direct
United Theranostics,https://fhir.fhirpoint.open.allscripts.com/fhirroute/fhir/11507842,Provider,Direct
University Community Health Services,https://fhir.fhirpoint.open.allscripts.com/fhirroute/fhir/59413,Provider,Direct
University of Louisville Physicians,https://fhir.fhirpoint.open.allscripts.com/fhirroute/fhir/75474,Provider,Direct
Upper Valley Neurology Neurosurgery,https://fhir.fhirpoint.open.allscripts.com/fhirroute/fhir/10388850,Provider,Direct
Upstate OBGYN Associates  PC,https://fhir.fhirpoint.open.allscripts.com/fhirroute/fhir/69128,Provider,Direct
Urologic Specialties,https://fhir.fhirpoint.open.allscripts.com/fhirroute/fhir/0201265,Provider,Direct
Urological Assoc Of Western Co,https://fhir.fhirpoint.open.allscripts.com/fhirroute/fhir/10047529,Provider,Direct
Urology Assoc Of Central CA,https://fhir.fhirpoint.open.allscripts.com/fhirroute/fhir/62040,Provider,Direct
Urology Assoc Of Denton,https://fhir.fhirpoint.open.allscripts.com/fhirroute/fhir/61258,Provider,Direct
Urology Associates,https://fhir.fhirpoint.open.allscripts.com/fhirroute/fhir/10032637,Provider,Direct
Urology Associates and Anova Cancer Care,https://fhir.fhirpoint.open.allscripts.com/fhirroute/fhir/0007332,Provider,Direct
Urology Associates of Charleston,https://fhir.fhirpoint.open.allscripts.com/fhirroute/fhir/11128843,Provider,Direct
Urology Associates of Mobile P.A.,https://fhir.fhirpoint.open.allscripts.com/fhirroute/fhir/10477848,Provider,Direct
Urology Associates of Southeastern NC,https://fhir.fhirpoint.open.allscripts.com/fhirroute/fhir/10019904,Provider,Direct
Urology Center of Iowa,https://fhir.fhirpoint.open.allscripts.com/fhirroute/fhir/10390883,Provider,Direct
Urology Centers of Alabama,https://fhir.fhirpoint.open.allscripts.com/fhirroute/fhir/10477849,Provider,Direct
Urology of STL,https://fhir.fhirpoint.open.allscripts.com/fhirroute/fhir/10043088,Provider,Direct
Urology Partners LLC,https://fhir.fhirpoint.open.allscripts.com/fhirroute/fhir/10067739,Provider,Direct
Urology Specialists of Milford PLLC,https://fhir.fhirpoint.open.allscripts.com/fhirroute/fhir/10087940,Provider,Direct
UroSurgery Inc,https://fhir.fhirpoint.open.allscripts.com/fhirroute/fhir/10018943,Provider,Direct
Ursula D Poydras Md,https://fhir.fhirpoint.open.allscripts.com/fhirroute/fhir/75961,Provider,Direct
US Digestive Health,https://fhir.fhirpoint.open.allscripts.com/fhirroute/fhir/10034096,Provider,Direct
US Digestive Health-Flourtown Division,https://fhir.fhirpoint.open.allscripts.com/fhirroute/fhir/10043202,Provider,Direct
Uwharrie Medical Center,https://fhir.fhirpoint.open.allscripts.com/fhirroute/fhir/76311,Provider,Direct
V M Padmanabha MD,https://fhir.fhirpoint.open.allscripts.com/fhirroute/fhir/10022635,Provider,Direct
Valdosta Foot  Ankle Clinic,https://fhir.fhirpoint.open.allscripts.com/fhirroute/fhir/10072875,Provider,Direct
Valley Cardiology,https://fhir.fhirpoint.open.allscripts.com/fhirroute/fhir/10066966,Provider,Direct
Valley Gastroenterology Associates,https://fhir.fhirpoint.open.allscripts.com/fhirroute/fhir/10039129,Provider,Direct
Valley Nephrology Assoc,https://fhir.fhirpoint.open.allscripts.com/fhirroute/fhir/73255,Provider,Direct
Valley Oaks Medical Group,https://fhir.fhirpoint.open.allscripts.com/fhirroute/fhir/10970841,Provider,Direct
Valley Surgical Clinics,https://fhir.fhirpoint.open.allscripts.com/fhirroute/fhir/10051613,Provider,Direct
Valley Womens Care,https://fhir.fhirpoint.open.allscripts.com/fhirroute/fhir/0011535,Provider,Direct
Van Wert Family Physicians,https://fhir.fhirpoint.open.allscripts.com/fhirroute/fhir/10855851,Provider,Direct
Vance Family Medicine,https://fhir.fhirpoint.open.allscripts.com/fhirroute/fhir/10014156,Provider,Direct
Vascular and Vein Institute of the South,https://fhir.fhirpoint.open.allscripts.com/fhirroute/fhir/10357844,Provider,Direct
Vascular Center Of Orlando,https://fhir.fhirpoint.open.allscripts.com/fhirroute/fhir/08399,Provider,Direct
Vascular Medicine Surgery Specialist,https://fhir.fhirpoint.open.allscripts.com/fhirroute/fhir/8173,Provider,Direct
Vascular Surgical Assoc,https://fhir.fhirpoint.open.allscripts.com/fhirroute/fhir/10019533,Provider,Direct
Vaughn Orthopedic & Spine Center,https://fhir.fhirpoint.open.allscripts.com/fhirroute/fhir/10036912,Provider,Direct
Vein Care Solutions,https://fhir.fhirpoint.open.allscripts.com/fhirroute/fhir/10083038,Provider,Direct
Vicky Savas Md,https://fhir.fhirpoint.open.allscripts.com/fhirroute/fhir/77609,Provider,Direct
Vikram Vadyala  PLLC,https://fhir.fhirpoint.open.allscripts.com/fhirroute/fhir/76243,Provider,Direct
Village Internal Medicine,https://fhir.fhirpoint.open.allscripts.com/fhirroute/fhir/61043,Provider,Direct
Village Internal Medicine,https://fhir.fhirpoint.open.allscripts.com/fhirroute/fhir/10047316,Provider,Direct
Vinay Patel Md,https://fhir.fhirpoint.open.allscripts.com/fhirroute/fhir/75271,Provider,Direct
Vincent A Caldarola Md Facs,https://fhir.fhirpoint.open.allscripts.com/fhirroute/fhir/76575,Provider,Direct
Vincent F Jabour Md,https://fhir.fhirpoint.open.allscripts.com/fhirroute/fhir/76801,Provider,Direct
Virgin Islands Ear Nose and Throat,https://fhir.fhirpoint.open.allscripts.com/fhirroute/fhir/56288,Provider,Direct
Virginia Ear Nose & Throat Assoc,https://fhir.fhirpoint.open.allscripts.com/fhirroute/fhir/10034146,Provider,Direct
Virginia Foot & Ankle Center,https://fhir.fhirpoint.open.allscripts.com/fhirroute/fhir/58082,Provider,Direct
Virginia Foot And Ankle Center,https://fhir.fhirpoint.open.allscripts.com/fhirroute/fhir/77816,Provider,Direct
Vitality Urgent Care DBA Inland Urgent Care,https://fhir.fhirpoint.open.allscripts.com/fhirroute/fhir/11314843,Provider,Direct
Vitality Urgent Care DBA Inland Urgent Care,https://fhir.fhirpoint.open.allscripts.com/fhirroute/fhir/11314843,Provider,Direct
Vonda Gale Houchin MD PA,https://fhir.fhirpoint.open.allscripts.com/fhirroute/fhir/10049920,Provider,Direct
W Garrison Strickland MD PhD,https://fhir.fhirpoint.open.allscripts.com/fhirroute/fhir/61618,Provider,Direct
W.A.B. Physical Medicine & Rehabilitation of Pennsylvania,https://fhir.fhirpoint.open.allscripts.com/fhirroute/fhir/77090,Provider,Direct
Waccamaw Surgical Assoc,https://fhir.fhirpoint.open.allscripts.com/fhirroute/fhir/900543,Provider,Direct
Wake Forest Pediatric,https://fhir.fhirpoint.open.allscripts.com/fhirroute/fhir/0008362,Provider,Direct
Wallace Mann MD,https://fhir.fhirpoint.open.allscripts.com/fhirroute/fhir/76444,Provider,Direct
Walton Medical,https://fhir.fhirpoint.open.allscripts.com/fhirroute/fhir/77266,Provider,Direct
Washington Medical Group,https://fhir.fhirpoint.open.allscripts.com/fhirroute/fhir/10038507,Provider,Direct
Washington Ortho  Knee Clinic,https://fhir.fhirpoint.open.allscripts.com/fhirroute/fhir/10009930,Provider,Direct
Washington Pediatrics,https://fhir.fhirpoint.open.allscripts.com/fhirroute/fhir/1959,Provider,Direct
Waterville Family Practice,https://fhir.fhirpoint.open.allscripts.com/fhirroute/fhir/57974,Provider,Direct
WEGMAN DERMATOLOGY  PLLC,https://fhir.fhirpoint.open.allscripts.com/fhirroute/fhir/72999,Provider,Direct
Weiss Medical Allergy  Asthma & Immunology,https://fhir.fhirpoint.open.allscripts.com/fhirroute/fhir/11138843,Provider,Direct
WellMed,https://fhir.fhirpoint.open.allscripts.com/fhirroute/fhir/11167843,Provider,Direct
Wen Liu Md,https://fhir.fhirpoint.open.allscripts.com/fhirroute/fhir/10035746,Provider,Direct
West Coast Neurology,https://fhir.fhirpoint.open.allscripts.com/fhirroute/fhir/10067926,Provider,Direct
West Oak Medical Clinic Pa,https://fhir.fhirpoint.open.allscripts.com/fhirroute/fhir/75759,Provider,Direct
West Primary Care,https://fhir.fhirpoint.open.allscripts.com/fhirroute/fhir/11457,Provider,Direct
West Texas Heart & Vascular  PLLC,https://fhir.fhirpoint.open.allscripts.com/fhirroute/fhir/11281845,Provider,Direct
West Valley Family Preventive Medicine,https://fhir.fhirpoint.open.allscripts.com/fhirroute/fhir/72845,Provider,Direct
Western Wayne Physicians,https://fhir.fhirpoint.open.allscripts.com/fhirroute/fhir/58019,Provider,Direct
Western Wayne Physicians,https://fhir.fhirpoint.open.allscripts.com/fhirroute/fhir/10035821,Provider,Direct
Westgate Family Physicians P.A.,https://fhir.fhirpoint.open.allscripts.com/fhirroute/fhir/10055576,Provider,Direct
Westglen Gastrointestinal Consultants,https://fhir.fhirpoint.open.allscripts.com/fhirroute/fhir/0006509,Provider,Direct
Westminster Internal Medicine,https://fhir.fhirpoint.open.allscripts.com/fhirroute/fhir/10049115,Provider,Direct
Westside Family Healthcare,https://fhir.fhirpoint.open.allscripts.com/fhirroute/fhir/10033602,Provider,Direct
Wheat Ridge Internal Medicine,https://fhir.fhirpoint.open.allscripts.com/fhirroute/fhir/7154,Provider,Direct
Wheeling Health Right Inc,https://fhir.fhirpoint.open.allscripts.com/fhirroute/fhir/10068140,Provider,Direct
White Oak Family Physicians Pa,https://fhir.fhirpoint.open.allscripts.com/fhirroute/fhir/57643,Provider,Direct
Whiteville Medical Associates,https://fhir.fhirpoint.open.allscripts.com/fhirroute/fhir/0009777,Provider,Direct
Whiting Bay Family Medicine,https://fhir.fhirpoint.open.allscripts.com/fhirroute/fhir/74380,Provider,Direct
Wikler Family Practice,https://fhir.fhirpoint.open.allscripts.com/fhirroute/fhir/10012380,Provider,Direct
William B Funk Md Pa,https://fhir.fhirpoint.open.allscripts.com/fhirroute/fhir/10055449,Provider,Direct
William C Eves  M.D  Inc,https://fhir.fhirpoint.open.allscripts.com/fhirroute/fhir/10033459,Provider,Direct
William D Adams Md,https://fhir.fhirpoint.open.allscripts.com/fhirroute/fhir/77220,Provider,Direct
William D King,https://fhir.fhirpoint.open.allscripts.com/fhirroute/fhir/0010471,Provider,Direct
William J Berger Md,https://fhir.fhirpoint.open.allscripts.com/fhirroute/fhir/77560,Provider,Direct
William Purtil Md,https://fhir.fhirpoint.open.allscripts.com/fhirroute/fhir/77243,Provider,Direct
Williamson Medical Group,https://fhir.fhirpoint.open.allscripts.com/fhirroute/fhir/10041100,Provider,Direct
Willow Tree Pediatrics of Lexington,https://fhir.fhirpoint.open.allscripts.com/fhirroute/fhir/11518843,Provider,Direct
Wilmington Health Assoc,https://fhir.fhirpoint.open.allscripts.com/fhirroute/fhir/56847,Provider,Direct
Wilson Immediate Care,https://fhir.fhirpoint.open.allscripts.com/fhirroute/fhir/10017867,Provider,Direct
WinCare Medical Consultants Ltd,https://fhir.fhirpoint.open.allscripts.com/fhirroute/fhir/76058,Provider,Direct
Winchendon Health Center,https://fhir.fhirpoint.open.allscripts.com/fhirroute/fhir/76370,Provider,Direct
Winchester Medical,https://fhir.fhirpoint.open.allscripts.com/fhirroute/fhir/56281,Provider,Direct
Winchester Neurological Consultants,https://fhir.fhirpoint.open.allscripts.com/fhirroute/fhir/10032315,Provider,Direct
Windbercare Physicians – Sidman  ,https://fhir.fhirpoint.open.allscripts.com/fhirroute/fhir/69768,Provider,Direct
Winding Cross Urgent Care Of Frederick,https://fhir.fhirpoint.open.allscripts.com/fhirroute/fhir/10027783,Provider,Direct
WMG Michael Avakian and Marina Manvelyan,https://fhir.fhirpoint.open.allscripts.com/fhirroute/fhir/76143,Provider,Direct
WNY Immediate Care,https://fhir.fhirpoint.open.allscripts.com/fhirroute/fhir/10036972,Provider,Direct
Woman Care,https://fhir.fhirpoint.open.allscripts.com/fhirroute/fhir/10041587,Provider,Direct
Womens Care Center,https://fhir.fhirpoint.open.allscripts.com/fhirroute/fhir/10025551,Provider,Direct
Womens Care ObGyn Med Grp,https://fhir.fhirpoint.open.allscripts.com/fhirroute/fhir/77600,Provider,Direct
Womens Clinic Of Forrest City,https://fhir.fhirpoint.open.allscripts.com/fhirroute/fhir/76870,Provider,Direct
Womens Clinic of SW Louisiana,https://fhir.fhirpoint.open.allscripts.com/fhirroute/fhir/10077328,Provider,Direct
Womens Health Center of Southern Oregon,https://fhir.fhirpoint.open.allscripts.com/fhirroute/fhir/10359874,Provider,Direct
Womens Health Group,https://fhir.fhirpoint.open.allscripts.com/fhirroute/fhir/0010533,Provider,Direct
WOMENS HEALTH OF AUGUSTA,https://fhir.fhirpoint.open.allscripts.com/fhirroute/fhir/0008551,Provider,Direct
WomenS Healthcare Assoc Pllc,https://fhir.fhirpoint.open.allscripts.com/fhirroute/fhir/75372,Provider,Direct
Wright & Associates Family Healthcare  PLLC,https://fhir.fhirpoint.open.allscripts.com/fhirroute/fhir/10035515,Provider,Direct
WU Ear  Nose and Throat Center,https://fhir.fhirpoint.open.allscripts.com/fhirroute/fhir/72040,Provider,Direct
Wyoming Cardiopulmonary Services PC,https://fhir.fhirpoint.open.allscripts.com/fhirroute/fhir/10047848,Provider,Direct
Yeager Family Medicine,https://fhir.fhirpoint.open.allscripts.com/fhirroute/fhir/72871,Provider,Direct
Yee Medicine  Pediatrics Assoc,https://fhir.fhirpoint.open.allscripts.com/fhirroute/fhir/76641,Provider,Direct
Yehuda Kleinman MD,https://fhir.fhirpoint.open.allscripts.com/fhirroute/fhir/10076762,Provider,Direct
Ying Peng MD,https://fhir.fhirpoint.open.allscripts.com/fhirroute/fhir/10451842,Provider,Direct
Young Joo Youn Md And Arif Mannan MD,https://fhir.fhirpoint.open.allscripts.com/fhirroute/fhir/76852,Provider,Direct
Yvette Novak Md,https://fhir.fhirpoint.open.allscripts.com/fhirroute/fhir/73512,Provider,Direct
Zev Ash Md,https://fhir.fhirpoint.open.allscripts.com/fhirroute/fhir/77356,Provider,Direct
Ziad H Idriss MD,https://fhir.fhirpoint.open.allscripts.com/fhirroute/fhir/71491,Provider,Direct
Ziad Sawan Md,https://fhir.fhirpoint.open.allscripts.com/fhirroute/fhir/73481,Provider,Direct
Zubritzky  Christy ObGyn AssocPA,https://fhir.fhirpoint.open.allscripts.com/fhirroute/fhir/77777,Provider,Direct
